Well_ID,Production_Date,Production_Time_h,Casing_Pressure_MPa,Oil_Pressure_MPa,Daily_Gas_Production_104m3,Daily_Water_Production_t,Cumulative_Gas_Production_104m3,Cumulative_Water_Production_t,Unnamed:9
X2,2015/2/13,24.0,27.2,27.2,19.54,16.3,665.46,9578.8,
X2,2015/2/22,24.0,20.0,27.2,26.21,92.0,905.07,10475.4,
X2,2015/2/23,24.0,19.5,27.2,26.24,91.6,931.31,10567.0,
X2,2015/2/24,24.0,19.0,27.2,24.47,81.9,955.78,10648.9,
X2,2015/2/25,24.0,18.8,27.2,25.34,79.8,981.12,10728.7,
X2,2015/2/26,24.0,17.2,27.2,24.61,78.8,1005.73,10807.5,
X2,2015/2/27,24.0,15.8,27.2,24.36,79.9,1030.09,10887.4,
X2,2015/8/2,24.0,4.12,24.0,12.6,38.0,3940.77,19112.5,
X2,2016/5/8,24.0,3.18,3.26,1.35,9.0,5381.55,22235.5,
X2,2017/1/20,24.0,5.1,5.1,3.15,13.0,6350.89,25625.5,
X2,2017/4/10,16.0,5.21,11.96,7.6,35.0,6553.13,26382.5,
X2,2017/5/22,24.0,4.5,4.32,1.98,5.0,6683.48,26794.5,
X2,2017/8/8,24.0,4.92,3.07,2.63,2.0,6839.04,27172.5,
X2,2017/11/27,24.0,0.0,0.0,1.7,2.0,7153.52,27605.5,
X2,2017/11/28,24.0,0.0,0.0,2.6,7.0,7156.12,27612.5,
X2,2017/11/29,24.0,0.0,0.0,1.8,2.0,7157.92,27614.5,
X2,2017/11/30,10.0,0.0,0.0,0.8,1.0,7158.72,27615.5,
X2,2017/12/2,10.16,0.0,0.0,2.8,3.0,7161.52,27618.5,
X2,2017/12/3,24.0,0.0,0.0,2.7,2.0,7164.22,27620.5,
X2,2017/12/4,24.0,0.0,0.0,2.4,2.0,7166.62,27622.5,
X2,2017/12/5,24.0,0.0,0.0,2.1,2.0,7168.72,27624.5,
X2,2017/12/6,1.5,3.2,6.8,0.6,1.0,7169.32,27625.5,
X2,2017/12/7,24.0,0.0,3.4,2.1,6.0,7171.42,27631.5,
X2,2017/12/8,24.0,0.0,0.0,3.7,3.0,7175.12,27634.5,
X2,2017/12/9,24.0,5.71,3.91,3.82,3.0,7178.94,27637.5,
X2,2017/12/10,24.0,5.61,3.44,3.6,3.0,7182.54,27640.5,
X2,2017/12/11,24.0,5.43,3.47,4.0,3.0,7186.54,27643.5,
X2,2017/12/12,24.0,5.36,3.55,3.8,3.0,7190.34,27646.5,
X2,2017/12/13,12.0,5.89,4.13,1.9,1.0,7192.24,27647.5,
X2,2017/12/14,24.0,5.39,3.98,3.6,3.0,7195.84,27650.5,
X2,2017/12/15,24.0,5.46,5.16,3.34,2.0,7199.18,27652.5,
X2,2017/12/16,24.0,7.81,3.99,3.86,5.0,7203.04,27657.5,
X2,2017/12/17,24.0,5.6,3.4,3.29,2.0,7206.33,27659.5,
X2,2017/12/18,24.0,5.6,3.4,2.53,2.0,7208.85,27661.5,
X2,2017/12/19,24.0,5.6,3.4,2.46,2.0,7211.31,27663.5,
X2,2017/12/20,24.0,5.6,3.4,2.69,3.0,7214.0,27666.5,
X2,2017/12/21,24.0,4.8,3.0,3.05,3.0,7217.06,27669.5,
X2,2017/12/22,24.0,4.8,3.0,3.65,3.0,7220.71,27672.5,
X2,2017/12/23,24.0,4.8,3.1,3.69,3.0,7224.4,27675.5,
X2,2017/12/24,24.0,4.7,3.1,3.22,7.0,7227.61,27682.5,
X2,2017/12/25,24.0,4.9,3.2,3.12,8.0,7230.73,27690.5,
X2,2017/12/26,24.0,4.9,3.2,3.67,9.0,7234.4,27699.5,
X2,2017/12/27,24.0,4.8,3.2,3.39,15.0,7237.79,27714.5,
X2,2017/12/28,24.0,4.9,3.4,2.81,7.0,7240.6,27721.5,
X2,2017/12/29,24.0,4.9,3.4,2.94,7.0,7243.54,27728.5,
X2,2017/12/30,24.0,4.8,3.1,2.89,9.0,7246.44,27737.5,
X2,2017/12/31,24.0,5.2,3.7,2.65,9.0,7249.09,27746.5,
X2,2018/1/1,24.0,4.96,3.25,3.38,9.0,7252.47,27755.5,
X2,2018/1/2,3.5,4.96,3.25,0.57,1.0,7253.04,27756.5,
X2,2018/1/3,22.0,5.01,3.2,4.52,9.0,7257.56,27765.5,
X2,2018/1/4,24.0,4.9,3.01,3.67,8.0,7261.24,27773.5,
X2,2018/1/5,24.0,4.95,3.02,3.64,11.0,7264.88,27784.5,
X2,2018/1/6,5.0,6.57,4.07,0.83,2.0,7265.71,27786.5,
X2,2018/1/7,23.3,5.2,3.96,4.42,8.0,7270.14,27794.5,
X2,2018/1/8,24.0,5.08,3.07,2.96,9.0,7273.1,27803.5,
X2,2018/1/9,24.0,4.95,3.14,3.14,10.0,7276.24,27813.5,
X2,2018/1/10,24.0,5.28,4.64,3.27,12.0,7279.51,27825.5,
X2,2018/1/11,24.0,6.88,4.61,3.07,10.0,7282.58,27835.5,
X2,2018/1/12,24.0,5.09,3.19,3.13,9.0,7285.71,27844.5,
X2,2018/1/13,24.0,5.31,3.63,3.35,10.0,7289.05,27854.5,
X2,2018/1/14,24.0,4.88,3.13,5.48,10.0,7294.54,27864.5,
X2,2018/1/15,24.0,4.7,3.13,3.98,9.0,7298.52,27873.5,
X2,2018/1/16,24.0,4.81,7.31,3.8,2.0,7302.32,27875.5,
X2,2018/1/17,24.0,4.7,3.43,2.8,2.0,7305.12,27877.5,
X2,2018/1/18,24.0,4.25,3.41,3.1,3.0,7308.22,27880.5,
X2,2018/1/19,24.0,4.98,3.28,3.25,7.0,7311.47,27887.5,
X2,2018/1/20,24.0,5.13,3.28,3.13,6.0,7314.6,27893.5,
X2,2018/1/21,24.0,5.16,3.57,2.22,6.0,7316.82,27899.5,
X2,2018/1/22,19.5,5.02,3.6,2.11,5.0,7318.93,27904.5,
X2,2018/1/23,24.0,5.36,5.35,2.38,5.0,7321.31,27909.5,
X2,2018/1/24,24.0,4.97,3.6,3.47,6.0,7324.79,27915.5,
X2,2018/1/25,24.0,5.93,5.93,1.6,3.0,7326.39,27918.5,
X2,2018/1/26,24.0,5.77,5.77,1.78,4.0,7328.18,27922.5,
X2,2018/1/27,24.0,6.22,4.1,2.61,4.0,7330.78,27926.5,
X2,2018/1/28,24.0,5.38,3.67,2.57,6.0,7333.36,27932.5,
X2,2018/1/29,24.0,5.73,4.73,2.02,5.0,7335.38,27937.5,
X2,2018/1/30,24.0,5.49,5.49,2.0,5.0,7337.38,27942.5,
X2,2018/1/31,24.0,5.59,4.16,2.21,6.0,7339.59,27948.5,
X2,2018/2/1,24.0,5.58,4.73,2.2,6.0,7341.79,27954.5,
X2,2018/2/2,24.0,5.94,3.68,2.01,5.0,7343.8,27959.5,
X2,2018/2/3,24.0,5.71,4.01,1.87,4.0,7345.67,27963.5,
X2,2018/2/4,24.0,5.87,3.41,1.98,5.0,7347.65,27968.5,
X2,2018/2/5,24.0,6.32,3.55,2.1,6.0,7349.75,27974.5,
X2,2018/2/6,24.0,5.76,4.21,2.51,3.0,7352.27,27977.5,
X2,2018/2/7,24.0,5.34,3.15,2.55,7.0,7354.82,27984.5,
X2,2018/2/8,24.0,5.8,4.68,2.63,7.0,7357.45,27991.5,
X2,2018/2/9,24.0,5.2,2.78,1.53,7.0,7358.98,27998.5,
X2,2018/2/10,24.0,4.91,3.92,1.52,8.0,7360.5,28006.5,
X2,2018/2/11,24.0,5.62,3.03,2.26,7.0,7362.76,28013.5,
X2,2018/2/12,24.0,6.1,2.82,2.09,5.0,7364.85,28018.5,
X2,2018/2/13,20.0,6.2,3.0,2.99,3.0,7367.84,28021.5,
X2,2018/2/14,24.0,4.99,2.97,3.88,4.0,7371.72,28025.5,
X2,2018/2/15,24.0,4.81,2.82,3.75,4.0,7375.47,28029.5,
X2,2018/2/16,24.0,4.65,2.95,3.05,5.0,7378.52,28034.5,
X2,2018/2/17,24.0,4.6,2.91,3.16,4.0,7381.68,28038.5,
X2,2018/2/18,24.0,4.62,2.88,3.69,5.0,7385.37,28043.5,
X2,2018/2/19,24.0,5.19,3.54,1.99,4.0,7387.36,28047.5,
X2,2018/2/20,2.0,6.54,6.54,0.27,1.0,7387.63,28048.5,
X2,2018/2/21,21.0,4.82,2.7,2.0,3.0,7389.62,28051.5,
X2,2018/2/22,24.0,4.66,2.69,1.98,4.0,7391.6,28055.5,
X2,2018/2/23,24.0,4.48,2.59,2.21,5.0,7393.81,28060.5,
X2,2018/2/24,24.0,5.34,3.22,1.76,5.0,7395.58,28065.5,
X2,2018/2/25,24.0,4.93,3.21,2.1,5.0,7397.67,28070.5,
X2,2018/2/26,24.0,5.24,4.12,1.7,4.0,7399.37,28074.5,
X2,2018/2/27,24.0,4.88,2.95,2.72,3.0,7402.09,28077.5,
X2,2018/2/28,24.0,5.03,2.96,2.41,2.0,7404.5,28079.5,
X2,2018/3/1,24.0,5.1,2.92,2.48,4.0,7406.99,28083.5,
X2,2018/3/2,24.0,5.14,2.96,2.32,4.0,7409.31,28087.5,
X2,2018/3/3,24.0,5.15,3.02,2.51,5.0,7411.82,28092.5,
X2,2018/3/4,24.0,5.1,3.01,3.01,6.0,7414.83,28098.5,
X2,2018/3/5,24.0,4.98,3.23,1.0,1.0,7415.83,28099.5,
X2,2018/3/6,24.0,5.18,5.18,3.08,6.0,7418.91,28105.5,
X2,2018/3/7,24.0,5.07,4.2,3.61,7.0,7422.52,28112.5,
X2,2018/3/8,24.0,5.2,4.6,3.0,7.0,7425.52,28119.5,
X2,2018/3/9,24.0,5.28,4.1,2.39,7.0,7427.91,28126.5,
X2,2018/3/10,24.0,5.31,4.1,2.05,6.0,7429.96,28132.5,
X2,2018/3/11,24.0,5.34,4.12,2.39,7.0,7432.35,28139.5,
X2,2018/3/12,24.0,5.29,4.28,2.7,7.0,7435.05,28146.5,
X2,2018/3/13,24.0,5.46,4.2,2.3,7.0,7437.35,28153.5,
X2,2018/3/14,24.0,5.41,3.21,2.2,7.0,7439.55,28160.5,
X2,2018/3/15,24.0,5.35,4.31,3.0,8.0,7442.55,28168.5,
X2,2018/3/16,24.0,5.39,4.2,2.2,6.0,7444.75,28174.5,
X2,2018/3/17,24.0,4.83,2.81,2.3,7.0,7447.05,28181.5,
X2,2018/3/18,24.0,4.72,2.87,2.36,7.0,7449.41,28188.5,
X2,2018/3/19,24.0,4.57,2.76,2.58,8.0,7451.99,28196.5,
X2,2018/3/20,24.0,4.55,2.95,3.01,7.0,7455.0,28203.5,
X2,2018/3/21,24.0,4.49,2.67,2.97,8.0,7457.97,28211.5,
X2,2018/3/22,24.0,4.49,2.96,2.76,8.0,7460.73,28219.5,
X2,2018/3/23,24.0,5.34,4.15,1.45,6.0,7462.18,28225.5,
X2,2018/3/24,1.5,6.38,6.37,0.11,1.0,7462.29,28226.5,
X2,2018/3/29,15.17,5.27,3.03,4.65,9.0,7466.94,28235.5,
X2,2018/3/30,24.0,5.9,3.85,2.76,9.0,7469.71,28244.5,
X2,2018/3/31,24.0,6.09,4.01,1.96,8.0,7471.67,28252.5,
X2,2018/4/1,24.0,6.36,4.03,1.48,5.0,7473.15,28257.5,
X2,2018/4/2,8.0,7.11,7.0,0.84,3.0,7474.0,28260.5,
X2,2018/4/17,24.0,7.18,3.91,2.69,5.0,7476.68,28265.5,
X2,2018/4/18,24.0,7.31,4.03,2.41,5.0,7479.09,28270.5,
X2,2018/4/19,24.0,7.43,3.83,2.19,4.0,7481.28,28274.5,
X2,2018/4/20,24.0,7.53,3.93,1.99,4.0,7483.27,28278.5,
X2,2018/4/21,24.0,7.6,3.01,1.94,3.0,7485.21,28281.5,
X2,2018/4/22,24.0,6.43,4.24,3.0,8.0,7488.21,28289.5,
X2,2018/4/23,24.0,6.06,4.1,2.64,7.0,7490.85,28296.5,
X2,2018/4/24,24.0,5.7,4.37,2.67,7.0,7493.52,28303.5,
X2,2018/4/25,24.0,5.72,3.77,2.48,6.0,7496.0,28309.5,
X2,2018/4/26,24.0,5.79,3.93,2.34,5.0,7498.34,28314.5,
X2,2018/4/27,24.0,5.36,3.68,2.59,6.0,7500.94,28320.5,
X2,2018/4/28,24.0,5.76,3.57,2.34,5.0,7503.28,28325.5,
X2,2018/4/29,24.0,6.19,3.57,2.83,6.0,7506.11,28331.5,
X2,2018/4/30,24.0,6.53,3.55,2.51,5.0,7508.62,28336.5,
X2,2018/5/1,24.0,6.77,4.12,2.31,4.0,7510.93,28340.5,
X2,2018/5/2,24.0,6.94,0.0,1.58,4.0,7512.51,28344.5,
X2,2018/5/3,24.0,7.08,0.0,1.41,4.0,7513.92,28348.5,
X2,2018/5/4,24.0,6.34,0.0,2.21,5.0,7516.13,28353.5,
X2,2018/5/5,24.0,5.72,4.2,2.84,6.0,7518.97,28359.5,
X2,2018/5/6,24.0,5.62,4.0,2.8,6.0,7521.77,28365.5,
X2,2018/5/7,24.0,5.88,4.43,2.33,5.0,7524.1,28370.5,
X2,2018/5/8,12.0,7.07,7.1,1.77,4.0,7525.87,28374.5,
X2,2018/5/9,24.0,5.65,4.15,2.4,5.0,7528.27,28379.5,
X2,2018/5/10,12.0,5.67,3.8,2.2,4.0,7530.47,28383.5,
X2,2018/5/11,24.0,5.51,3.7,2.11,4.0,7532.58,28387.5,
X2,2018/5/12,12.0,5.44,3.2,2.27,4.0,7534.84,28391.5,
X2,2018/5/13,24.0,5.16,3.35,2.3,4.0,7537.15,28395.5,
X2,2018/5/14,12.0,5.27,3.17,2.39,4.0,7539.54,28399.5,
X2,2018/5/15,24.0,5.15,3.38,2.01,3.0,7541.55,28402.5,
X2,2018/5/16,1.3,6.7,3.78,0.2,0.0,7541.75,28402.5,
X2,2018/5/18,22.4,5.62,4.35,1.87,1.0,7543.61,28403.5,
X2,2018/5/19,24.0,5.13,3.33,3.06,7.0,7546.67,28410.5,
X2,2018/5/20,0.3,0.0,0.0,0.0,0.0,7546.67,28410.5,
X2,2018/5/22,23.3,5.69,3.85,2.79,4.0,7549.46,28414.5,
X2,2018/5/23,24.0,6.12,3.75,2.77,1.0,7552.23,28415.5,
X2,2018/5/24,1.0,7.09,7.09,0.06,0.0,7552.29,28415.5,
X2,2018/5/26,16.0,6.02,4.29,1.35,1.0,7553.63,28416.5,
X2,2018/5/28,24.0,6.57,4.12,1.26,2.0,7554.9,28418.5,
X2,2018/5/29,24.0,6.69,4.06,1.39,3.0,7556.28,28421.5,
X2,2018/5/30,1.0,7.54,7.52,0.06,0.0,7556.35,28421.5,
X2,2018/6/1,20.0,6.49,3.88,2.58,3.0,7558.93,28424.5,
X2,2018/6/2,24.0,5.55,3.92,2.49,5.0,7561.42,28429.5,
X2,2018/6/3,24.0,6.44,3.76,2.19,3.0,7563.61,28432.5,
X2,2018/6/4,24.0,6.81,3.81,1.38,2.0,7564.98,28434.5,
X2,2018/6/5,12.0,7.46,7.46,0.67,1.0,7565.65,28435.5,
X2,2018/6/6,15.0,6.45,3.85,1.99,4.0,7567.64,28439.5,
X2,2018/6/7,24.0,6.23,4.06,2.58,4.0,7570.22,28443.5,
X2,2018/6/8,11.0,7.25,7.24,1.26,1.0,7571.48,28444.5,
X2,2018/6/9,13.5,6.63,3.72,1.86,2.0,7573.34,28446.5,
X2,2018/6/10,24.0,7.11,3.76,0.98,1.0,7574.32,28447.5,
X2,2018/6/11,11.0,7.68,7.68,0.82,3.0,7575.14,28450.5,
X2,2018/6/12,12.3,7.41,3.69,1.02,3.0,7576.16,28453.5,
X2,2018/6/13,24.0,7.36,3.66,0.71,1.0,7576.88,28454.5,
X2,2018/6/14,2.3,8.1,8.09,0.14,0.0,7577.02,28454.5,
X2,2018/6/15,12.3,8.01,8.01,0.27,0.0,7577.28,28454.5,
X2,2018/6/16,24.0,8.17,8.18,1.17,3.0,7578.46,28457.5,
X2,2018/6/17,9.84,8.21,8.22,1.01,2.0,7579.47,28459.5,
X2,2018/6/18,12.0,8.3,8.31,1.55,2.0,7581.02,28461.5,
X2,2018/6/19,12.0,8.3,8.31,1.6,3.0,7582.62,28464.5,
X2,2018/6/20,12.0,8.34,8.35,1.79,3.0,7584.41,28467.5,
X2,2018/6/21,12.0,8.38,8.39,1.4,3.0,7585.8,28470.5,
X2,2018/6/22,12.0,8.43,8.44,1.03,2.0,7586.84,28472.5,
X2,2018/6/23,12.0,8.51,8.3,1.9,2.0,7588.73,28474.5,
X2,2018/6/24,8.0,8.63,8.63,0.1,0.5,7588.83,28475.0,
X2,2018/6/25,12.0,8.67,8.18,1.08,3.0,7589.91,28478.0,
X2,2018/6/26,11.5,8.83,8.84,0.12,5.0,7590.03,28483.0,
X2,2018/6/27,7.0,8.84,8.85,0.41,1.0,7590.45,28484.0,
X2,2018/6/28,6.0,8.63,3.84,0.44,1.0,7590.89,28485.0,
X2,2018/6/29,24.0,8.84,3.65,2.08,8.0,7592.97,28493.0,
X2,2018/7/1,24.0,8.44,3.44,0.59,2.0,7593.56,28495.0,
X2,2018/7/2,12.0,8.08,3.55,1.4,6.0,7594.95,28501.0,
X2,2018/7/3,12.0,7.83,3.45,2.1,8.0,7597.05,28509.0,
X2,2018/7/4,12.0,7.83,3.6,1.12,6.0,7598.18,28515.0,
X2,2018/7/5,12.0,7.77,3.68,1.6,8.0,7599.77,28523.0,
X2,2018/7/7,9.0,8.69,8.7,1.95,9.0,7601.72,28532.0,
X2,2018/7/8,12.0,8.44,8.46,2.2,10.0,7603.93,28542.0,
X2,2018/7/9,12.0,8.26,8.27,2.24,11.0,7606.17,28553.0,
X2,2018/7/10,12.0,8.11,8.12,2.24,11.0,7608.41,28564.0,
X2,2018/7/11,12.0,8.03,8.04,2.2,10.0,7610.61,28574.0,
X2,2018/7/12,12.0,7.95,7.97,2.17,10.0,7612.77,28584.0,
X2,2018/7/13,12.0,7.94,7.95,2.2,11.0,7614.97,28595.0,
X2,2018/7/14,12.0,8.02,8.03,2.03,9.0,7617.0,28604.0,
X2,2018/7/15,12.0,8.12,8.13,1.91,7.0,7618.91,28611.0,
X2,2018/7/16,24.0,6.78,3.85,3.46,8.0,7622.37,28619.0,
X2,2018/7/17,12.0,7.81,7.81,1.49,4.0,7623.86,28623.0,
X2,2018/7/20,24.0,7.94,3.74,2.19,9.0,7626.05,28632.0,
X2,2018/7/21,24.0,6.71,3.8,2.77,11.0,7628.82,28643.0,
X2,2018/7/22,24.0,6.6,3.49,2.8,11.0,7631.62,28654.0,
X2,2018/7/23,2.5,8.02,8.02,0.22,1.0,7631.84,28655.0,
X2,2018/7/24,23.5,6.72,4.01,2.48,8.0,7634.32,28663.0,
X2,2018/7/25,24.0,7.43,3.71,2.48,10.0,7636.8,28673.0,
X2,2018/7/26,2.0,8.25,8.25,0.3,10.0,7637.1,28683.0,
X2,2018/7/27,21.5,7.57,4.26,1.68,1.0,7638.78,28684.0,
X2,2018/7/28,24.0,7.98,4.2,0.45,1.0,7639.24,28685.0,
X2,2018/7/29,4.0,8.51,8.5,0.48,1.0,7639.72,28686.0,
X2,2018/7/30,18.0,7.34,3.52,1.48,6.0,7641.2,28692.0,
X2,2018/7/31,24.0,6.31,4.35,2.19,8.0,7643.39,28700.0,
X2,2018/8/1,24.0,5.95,3.17,1.08,6.0,7644.47,28706.0,
X2,2018/8/2,24.0,5.58,3.11,2.16,2.0,7646.63,28708.0,
X2,2018/8/3,24.0,5.41,3.01,2.42,2.0,7649.05,28710.0,
X2,2018/8/4,24.0,5.5,3.16,3.33,2.0,7652.38,28712.0,
X2,2018/8/5,24.0,5.39,3.13,3.7,2.0,7656.08,28714.0,
X2,2018/8/6,24.0,5.29,3.06,3.13,2.0,7659.2,28716.0,
X2,2018/8/7,24.0,5.24,2.98,2.16,2.0,7661.37,28718.0,
X2,2018/8/8,24.0,5.2,3.19,1.38,1.0,7662.74,28719.0,
X2,2018/8/9,24.0,5.56,4.31,2.34,2.0,7665.08,28721.0,
X2,2018/8/10,24.0,6.13,3.42,1.93,1.0,7667.01,28722.0,
X2,2018/8/11,24.0,6.6,3.1,2.94,2.0,7669.95,28724.0,
X2,2018/8/12,24.0,6.91,3.36,1.66,2.0,7671.62,28726.0,
X2,2018/8/13,22.0,7.11,2.83,1.93,1.0,7673.55,28727.0,
X2,2018/8/14,24.0,7.37,4.41,1.73,2.0,7675.28,28729.0,
X2,2018/8/15,24.0,7.47,3.47,1.86,3.0,7677.15,28732.0,
X2,2018/8/16,24.0,7.62,6.47,1.81,2.0,7678.95,28734.0,
X2,2018/8/17,12.0,7.56,6.98,1.77,1.0,7680.72,28735.0,
X2,2018/8/18,16.0,6.28,3.12,1.97,2.0,7682.69,28737.0,
X2,2018/8/19,24.0,6.15,6.19,1.57,2.0,7684.26,28739.0,
X2,2018/8/20,16.0,5.73,3.15,2.7,3.0,7686.96,28742.0,
X2,2018/8/21,24.0,5.28,3.06,1.96,2.0,7688.91,28744.0,
X2,2018/8/22,24.0,5.14,2.98,2.21,2.0,7691.12,28746.0,
X2,2018/8/23,24.0,4.99,3.02,1.77,2.0,7692.89,28748.0,
X2,2018/8/24,24.0,5.34,5.37,1.96,2.0,7694.85,28750.0,
X2,2018/8/26,24.0,5.05,3.06,4.5,5.0,7699.35,28755.0,
X2,2018/8/27,24.0,5.46,5.53,3.2,3.0,7702.55,28758.0,
X2,2018/8/28,12.0,5.07,2.91,1.4,2.0,7703.95,28760.0,
X2,2018/8/29,24.0,4.92,2.93,2.29,3.0,7706.24,28763.0,
X2,2018/9/1,20.0,5.52,3.68,2.86,3.0,7709.1,28766.0,
X2,2018/9/2,3.0,6.93,6.97,0.99,1.0,7710.09,28767.0,
X2,2018/9/3,21.0,5.26,2.98,2.96,2.0,7713.05,28769.0,
X2,2018/9/4,24.0,5.14,2.98,2.79,1.0,7715.83,28770.0,
X2,2018/9/5,24.0,5.03,2.97,2.1,2.0,7717.93,28772.0,
X2,2018/9/6,7.0,6.48,6.52,0.58,1.0,7718.51,28773.0,
X2,2018/9/7,18.5,5.12,2.99,1.52,1.0,7720.02,28774.0,
X2,2018/9/8,24.0,5.03,2.93,1.66,1.0,7721.68,28775.0,
X2,2018/9/9,24.0,5.08,2.91,1.51,1.0,7723.19,28776.0,
X2,2018/9/10,24.0,5.33,2.82,1.89,2.0,7725.09,28778.0,
X2,2018/9/11,24.0,5.92,2.81,1.72,2.0,7726.81,28780.0,
X2,2018/9/12,24.0,5.1,2.91,1.86,5.0,7728.67,28785.0,
X2,2018/9/13,24.0,4.69,2.87,2.09,1.0,7730.76,28786.0,
X2,2018/9/14,24.0,4.75,2.86,1.9,3.0,7732.66,28789.0,
X2,2018/9/15,24.0,4.61,2.77,1.69,1.0,7734.34,28790.0,
X2,2018/9/16,24.0,4.76,2.85,2.82,2.0,7737.17,28792.0,
X2,2018/9/17,24.0,5.38,2.77,2.81,2.0,7739.98,28794.0,
X2,2018/9/18,24.0,5.7,2.73,2.2,1.0,7742.18,28795.0,
X2,2018/9/19,24.0,6.07,2.93,1.13,1.0,7743.31,28796.0,
X2,2018/9/20,24.0,6.28,2.73,2.86,1.0,7746.17,28797.0,
X2,2018/9/21,24.0,6.47,2.74,2.33,1.0,7748.49,28798.0,
X2,2018/9/22,24.0,5.49,3.04,2.27,1.0,7750.76,28799.0,
X2,2018/9/23,8.0,6.68,0.16,0.58,1.0,7751.34,28800.0,
X2,2018/9/27,16.0,6.38,5.21,1.79,2.0,7753.13,28802.0,
X2,2018/9/28,24.0,5.42,3.16,2.99,2.0,7756.13,28804.0,
X2,2018/9/29,24.0,4.89,2.41,2.8,2.0,7758.93,28806.0,
X2,2018/9/30,24.0,5.5,4.09,3.51,2.0,7762.44,28808.0,
X2,2018/10/1,24.0,5.64,4.26,3.65,1.0,7766.09,28809.0,
X2,2018/10/2,8.0,6.71,6.76,0.8,1.0,7766.89,28810.0,
X2,2018/10/5,18.0,5.42,3.08,2.3,1.0,7769.19,28811.0,
X2,2018/10/6,24.0,5.34,2.94,2.5,2.0,7771.69,28813.0,
X2,2018/10/7,24.0,5.02,2.96,3.8,1.0,7775.49,28814.0,
X2,2018/10/8,24.0,4.89,2.86,2.7,1.0,7778.19,28815.0,
X2,2018/10/9,24.0,4.79,2.81,2.82,1.0,7781.02,28816.0,
X2,2018/10/10,24.0,4.77,2.82,2.34,2.0,7783.36,28818.0,
X2,2018/10/11,24.0,4.69,2.82,3.53,3.0,7786.88,28821.0,
X2,2018/10/12,24.0,5.0,2.98,3.02,3.0,7789.9,28824.0,
X2,2018/10/13,24.0,5.56,2.78,2.4,1.0,7792.3,28825.0,
X2,2018/10/14,24.0,5.93,3.41,2.1,1.0,7794.4,28826.0,
X2,2018/10/15,24.0,6.16,2.28,1.9,1.0,7796.3,28827.0,
X2,2018/10/16,24.0,6.4,2.16,1.36,6.0,7797.66,28833.0,
X2,2018/10/17,19.0,5.2,2.5,1.65,6.0,7799.31,28839.0,
X2,2018/10/18,24.0,4.66,2.42,2.34,8.0,7801.66,28847.0,
X2,2018/10/19,24.0,4.4,2.4,2.12,7.0,7803.78,28854.0,
X2,2018/10/20,24.0,4.43,2.6,2.57,7.0,7806.35,28861.0,
X2,2018/10/21,24.0,4.32,2.58,2.61,7.0,7808.96,28868.0,
X2,2018/10/22,24.0,4.23,2.49,2.61,6.0,7811.57,28874.0,
X2,2018/10/23,24.0,4.21,2.47,2.93,8.0,7814.51,28882.0,
X2,2018/10/24,24.0,4.15,2.44,2.56,7.0,7817.07,28889.0,
X2,2018/10/25,24.0,4.1,2.39,2.59,6.0,7819.66,28895.0,
X2,2018/10/26,24.0,4.27,2.53,2.45,5.0,7822.11,28900.0,
X2,2018/10/27,24.0,4.72,2.51,1.94,5.0,7824.05,28905.0,
X2,2018/10/28,24.0,5.14,2.42,1.9,5.0,7825.95,28910.0,
X2,2018/10/29,24.0,5.47,2.41,2.86,5.0,7828.82,28915.0,
X2,2018/10/30,24.0,5.71,2.18,1.66,5.0,7830.48,28920.0,
X2,2018/10/31,24.0,4.65,2.52,2.93,13.0,7833.41,28933.0,
X2,2018/11/1,24.0,4.42,2.55,2.94,9.0,7836.35,28942.0,
X2,2018/11/2,24.0,4.31,2.55,2.89,8.0,7839.23,28950.0,
X2,2018/11/3,24.0,4.85,2.27,1.32,5.0,7840.56,28955.0,
X2,2018/11/4,24.0,5.29,2.35,1.75,5.0,7842.31,28960.0,
X2,2018/11/5,24.0,5.59,2.33,2.8,5.0,7845.11,28965.0,
X2,2018/11/6,24.0,5.8,2.31,3.5,4.0,7848.62,28969.0,
X2,2018/11/7,15.5,5.77,2.76,1.21,4.0,7849.82,28973.0,
X2,2018/11/8,24.0,4.66,1.93,2.86,7.0,7852.68,28980.0,
X2,2018/11/9,24.0,4.16,1.83,2.85,7.0,7855.54,28987.0,
X2,2018/11/10,24.0,3.9,1.79,2.75,7.0,7858.29,28994.0,
X2,2018/11/11,24.0,3.74,1.73,2.74,6.0,7861.03,29000.0,
X2,2018/11/12,24.0,3.61,1.73,2.54,6.0,7863.56,29006.0,
X2,2018/11/13,24.0,3.84,2.35,2.95,5.0,7866.51,29011.0,
X2,2018/11/14,24.0,4.1,2.25,2.7,4.0,7869.22,29015.0,
X2,2018/11/15,24.0,4.45,2.16,1.51,4.0,7870.73,29019.0,
X2,2018/11/16,24.0,4.8,2.0,2.62,5.0,7873.35,29024.0,
X2,2018/11/17,24.0,4.3,2.4,3.09,7.0,7876.44,29031.0,
X2,2018/11/18,24.0,3.9,2.2,2.52,5.0,7878.97,29036.0,
X2,2018/11/19,24.0,3.9,2.2,2.9,4.0,7881.86,29040.0,
X2,2018/11/20,24.0,4.3,2.2,2.75,4.0,7884.61,29044.0,
X2,2018/11/21,24.0,4.7,2.0,1.92,4.0,7886.53,29048.0,
X2,2018/11/22,24.0,5.1,2.0,1.26,5.0,7887.79,29053.0,
X2,2018/11/23,24.0,4.3,2.4,2.28,12.0,7890.07,29065.0,
X2,2018/11/24,24.0,4.3,2.4,2.96,5.0,7893.02,29070.0,
X2,2018/11/25,24.0,4.0,2.2,2.4,3.0,7895.42,29073.0,
X2,2018/11/26,24.0,3.9,2.1,2.16,5.0,7897.58,29078.0,
X2,2018/11/27,24.0,3.94,2.21,2.74,4.0,7900.32,29082.0,
X2,2018/11/28,24.0,3.9,2.2,1.76,2.0,7902.08,29084.0,
X2,2018/11/29,24.0,4.67,2.03,1.86,3.0,7903.93,29087.0,
X2,2018/11/30,24.0,4.9,2.01,2.71,3.0,7906.64,29090.0,
X2,2018/12/1,24.0,4.95,2.02,2.15,3.0,7908.8,29093.0,
X2,2018/12/2,24.0,4.9,2.05,2.86,3.0,7911.65,29096.0,
X2,2018/12/3,24.0,4.02,2.2,2.49,3.0,7914.14,29099.0,
X2,2018/12/4,24.0,3.9,2.15,2.87,4.0,7917.01,29103.0,
X2,2018/12/5,24.0,3.84,2.1,2.44,4.0,7919.46,29107.0,
X2,2018/12/6,24.0,3.8,2.03,2.66,3.0,7922.12,29110.0,
X2,2018/12/7,24.0,3.75,2.02,2.46,3.0,7924.57,29113.0,
X2,2018/12/8,24.0,3.82,2.13,2.56,3.0,7927.13,29116.0,
X2,2018/12/9,24.0,4.1,1.95,2.73,2.0,7929.86,29118.0,
X2,2018/12/10,16.0,4.03,2.15,2.16,2.0,7932.02,29120.0,
X2,2018/12/11,24.0,4.15,2.11,2.85,5.0,7934.87,29125.0,
X2,2018/12/12,24.0,4.41,2.12,2.89,3.0,7937.76,29128.0,
X2,2018/12/13,24.0,4.65,2.03,2.15,9.0,7939.91,29137.0,
X2,2018/12/14,24.0,4.85,2.01,2.8,5.0,7942.71,29142.0,
X2,2018/12/15,24.0,5.1,2.26,2.54,4.0,7945.25,29146.0,
X2,2018/12/16,24.0,5.27,2.13,2.53,3.0,7947.79,29149.0,
X2,2018/12/17,24.0,5.41,2.01,2.53,4.0,7950.32,29153.0,
X2,2018/12/18,24.0,5.54,2.0,2.09,3.0,7952.4,29156.0,
X2,2018/12/19,24.0,4.96,2.23,2.71,5.0,7955.12,29161.0,
X2,2018/12/20,24.0,4.22,2.21,3.39,7.0,7958.51,29168.0,
X2,2018/12/21,24.0,4.01,2.02,3.04,6.0,7961.55,29174.0,
X2,2018/12/22,24.0,3.86,2.0,2.74,6.0,7964.29,29180.0,
X2,2018/12/23,24.0,3.93,2.13,2.51,5.0,7966.8,29185.0,
X2,2018/12/24,24.0,3.94,2.16,2.38,5.0,7969.17,29190.0,
X2,2018/12/25,24.0,4.14,2.0,2.02,4.0,7971.19,29194.0,
X2,2018/12/26,24.0,4.46,1.92,1.35,3.0,7972.54,29197.0,
X2,2018/12/27,24.0,4.8,1.86,2.01,2.0,7974.55,29199.0,
X2,2018/12/28,8.5,5.64,5.57,0.6,0.0,7975.15,29199.0,
X2,2018/12/30,20.0,4.25,2.08,3.63,7.0,7978.77,29206.0,
X2,2018/12/31,24.0,3.9,1.78,2.85,6.0,7981.62,29212.0,
X2,2019/1/1,0.5,5.53,5.45,0.07,0.0,7981.69,29212.0,
X2,2019/1/2,24.0,4.05,2.06,3.47,6.0,7985.17,29218.0,
X2,2019/1/3,3.0,5.48,5.41,0.1,1.0,7985.27,29219.0,
X2,2019/1/4,24.0,4.02,1.96,3.9,5.0,7989.17,29224.0,
X2,2019/1/6,23.0,4.02,1.9,3.59,7.0,7992.76,29231.0,
X2,2019/1/8,24.0,3.95,1.88,4.13,7.0,7996.89,29238.0,
X2,2019/1/10,24.0,3.96,1.93,3.55,7.0,8000.44,29245.0,
X2,2019/1/12,24.0,3.97,1.83,3.53,6.0,8003.97,29251.0,
X2,2019/1/14,24.0,3.97,1.85,3.5,7.0,8007.47,29258.0,
X2,2019/1/16,19.5,4.1,2.0,2.75,7.0,8010.23,29265.0,
X2,2019/1/17,24.0,3.9,1.9,2.67,7.0,8012.89,29272.0,
X2,2019/1/18,24.0,3.8,2.0,2.9,7.0,8015.79,29279.0,
X2,2019/1/19,24.0,3.8,1.9,2.47,7.0,8018.26,29286.0,
X2,2019/1/20,24.0,4.07,1.81,3.48,4.0,8021.73,29290.0,
X2,2019/1/21,24.0,4.5,1.8,2.44,7.0,8024.17,29297.0,
X2,2019/1/22,9.0,5.4,5.3,1.85,3.0,8026.03,29300.0,
X2,2019/1/24,23.5,4.3,2.1,2.44,7.0,8028.47,29307.0,
X2,2019/1/25,24.0,4.2,2.0,3.66,8.0,8032.12,29315.0,
X2,2019/1/26,24.0,4.0,2.0,2.42,8.0,8034.54,29323.0,
X2,2019/1/27,24.0,3.9,2.0,2.56,5.0,8037.1,29328.0,
X2,2019/1/28,24.0,3.9,1.9,3.17,5.0,8040.27,29333.0,
X2,2019/1/29,24.0,3.8,1.9,2.29,5.0,8042.56,29338.0,
X2,2019/1/30,24.0,4.3,1.8,1.62,4.0,8044.18,29342.0,
X2,2019/2/1,23.0,4.02,2.1,2.96,6.0,8047.14,29348.0,
X2,2019/2/2,24.0,3.94,1.95,2.74,5.0,8049.89,29353.0,
X2,2019/2/3,24.0,4.16,2.01,2.51,4.0,8052.4,29357.0,
X2,2019/2/5,24.0,4.0,2.0,3.03,6.0,8055.43,29363.0,
X2,2019/2/6,24.0,3.8,1.85,2.6,5.0,8058.03,29368.0,
X2,2019/2/7,24.0,3.78,1.98,2.28,4.0,8060.31,29372.0,
X2,2019/2/9,24.0,3.83,1.98,3.22,6.0,8063.53,29378.0,
X2,2019/2/10,24.0,3.68,1.65,3.68,5.0,8067.22,29383.0,
X2,2019/2/11,24.0,3.8,1.87,3.25,4.0,8070.47,29387.0,
X2,2019/2/13,24.0,3.83,1.96,3.09,6.0,8073.56,29393.0,
X2,2019/2/14,24.0,3.91,1.85,2.06,4.0,8075.62,29397.0,
X2,2019/2/15,24.0,4.3,1.8,1.81,4.0,8077.43,29401.0,
X2,2019/2/16,10.0,5.2,5.1,1.66,1.0,8079.08,29402.0,
X2,2019/2/18,23.5,4.2,2.0,2.83,5.0,8081.92,29407.0,
X2,2019/2/19,24.0,4.3,1.8,2.32,3.0,8084.24,29410.0,
X2,2019/2/20,24.0,4.7,1.6,2.72,1.0,8086.96,29411.0,
X2,2019/2/21,17.0,4.7,1.7,1.92,1.0,8088.87,29412.0,
X2,2019/2/22,2.5,5.6,5.5,2.0,0.0,8090.87,29412.0,
X2,2019/2/23,20.0,4.4,1.9,2.2,4.0,8093.07,29416.0,
X2,2019/2/24,24.0,4.0,1.9,2.74,5.0,8095.81,29421.0,
X2,2019/2/25,24.0,3.9,1.9,2.43,4.0,8098.24,29425.0,
X2,2019/2/26,24.0,4.0,1.8,2.03,4.0,8100.27,29429.0,
X2,2019/2/27,24.0,3.9,1.9,3.1,4.0,8103.37,29433.0,
X2,2019/2/28,24.0,4.1,1.8,2.04,3.0,8105.41,29436.0,
X2,2019/3/1,11.0,5.2,5.1,2.81,1.0,8108.22,29437.0,
X2,2019/3/2,20.5,4.1,1.8,2.45,5.0,8110.67,29442.0,
X2,2019/3/3,24.0,3.8,1.9,2.54,5.0,8113.22,29447.0,
X2,2019/3/4,24.0,3.7,1.8,2.82,5.0,8116.04,29452.0,
X2,2019/3/5,24.0,3.7,1.8,2.2,5.0,8118.24,29457.0,
X2,2019/3/6,24.0,3.9,1.8,2.73,3.0,8120.97,29460.0,
X2,2019/3/7,24.0,4.3,1.7,2.21,2.0,8123.18,29462.0,
X2,2019/3/8,24.0,5.1,5.0,2.52,1.0,8125.71,29463.0,
X2,2019/3/9,20.0,4.4,1.8,2.72,4.0,8128.43,29467.0,
X2,2019/3/10,2.5,5.4,5.3,0.26,0.0,8128.68,29467.0,
X2,2019/3/11,24.0,4.5,1.8,2.79,3.0,8131.47,29470.0,
X2,2019/3/13,23.0,4.3,1.9,3.65,5.0,8135.11,29475.0,
X2,2019/3/14,24.0,4.1,1.8,2.85,4.0,8137.97,29479.0,
X2,2019/3/15,24.0,4.23,1.86,2.13,4.0,8140.1,29483.0,
X2,2019/3/16,12.0,5.19,5.1,1.15,2.0,8141.25,29485.0,
X2,2019/3/17,23.0,3.99,1.65,2.96,6.0,8144.2,29491.0,
X2,2019/3/18,24.0,3.61,1.62,2.41,4.0,8146.62,29495.0,
X2,2019/3/19,24.0,3.66,1.88,2.15,4.0,8148.77,29499.0,
X2,2019/3/20,24.0,3.54,1.77,2.23,4.0,8151.0,29503.0,
X2,2019/3/21,24.0,3.51,1.65,1.83,3.0,8152.83,29506.0,
X2,2019/3/22,24.0,3.36,1.7,2.22,4.0,8155.05,29510.0,
X2,2019/3/23,24.0,3.16,1.6,2.32,4.0,8157.38,29514.0,
X2,2019/3/25,24.0,3.26,1.62,3.57,5.0,8160.95,29519.0,
X2,2019/3/26,24.0,3.31,1.67,2.56,4.0,8163.51,29523.0,
X2,2019/3/27,24.0,3.78,2.87,2.2,3.0,8165.71,29526.0,
X2,2019/3/29,24.0,3.69,1.88,2.58,4.0,8168.29,29530.0,
X2,2019/3/30,24.0,3.97,1.63,1.82,3.0,8170.11,29533.0,
X2,2019/3/31,24.0,4.3,1.58,1.48,2.0,8171.59,29535.0,
X2,2019/4/1,24.0,4.53,1.64,1.61,2.0,8173.2,29537.0,
X2,2019/4/2,24.0,4.69,1.29,1.45,2.0,8174.65,29539.0,
X2,2019/4/3,24.0,4.83,1.3,1.48,2.0,8176.13,29541.0,
X2,2019/4/4,24.0,4.94,1.23,1.35,2.0,8177.48,29543.0,
X2,2019/4/5,24.0,5.04,1.19,1.24,2.0,8178.72,29545.0,
X2,2019/4/6,24.0,5.14,1.17,1.51,2.0,8180.22,29547.0,
X2,2019/4/7,24.0,5.22,1.15,1.36,2.0,8181.58,29549.0,
X2,2019/4/8,24.0,5.3,1.19,1.27,2.0,8182.85,29551.0,
X2,2019/4/9,24.0,5.38,1.24,1.21,2.0,8184.06,29553.0,
X2,2019/4/10,24.0,5.45,1.18,1.61,2.0,8185.67,29555.0,
X2,2019/4/11,24.0,5.51,1.27,1.25,2.0,8186.92,29557.0,
X2,2019/4/12,24.0,5.58,1.16,1.17,2.0,8188.09,29559.0,
X2,2019/4/13,24.0,5.64,1.59,1.89,2.0,8189.98,29561.0,
X2,2019/4/14,24.0,5.7,1.43,1.06,2.0,8191.03,29563.0,
X2,2019/4/15,24.0,5.75,1.39,1.41,3.0,8192.44,29566.0,
X2,2019/4/16,24.0,5.8,1.3,1.88,3.0,8194.32,29569.0,
X2,2019/4/17,24.0,5.87,1.49,1.84,2.0,8196.15,29571.0,
X2,2019/4/18,24.0,5.9,1.5,1.75,1.0,8197.9,29572.0,
X2,2019/4/19,1.5,6.47,6.36,0.04,0.0,8197.94,29572.0,
X2,2019/4/22,21.0,5.0,2.1,1.8,3.0,8199.74,29575.0,
X2,2019/4/23,24.0,4.4,2.0,1.81,3.0,8201.55,29578.0,
X2,2019/4/24,24.0,4.1,1.9,1.63,2.0,8203.18,29580.0,
X2,2019/4/25,24.0,4.0,2.0,1.82,3.0,8205.0,29583.0,
X2,2019/4/26,24.0,3.9,1.8,1.56,3.0,8206.56,29586.0,
X2,2019/4/27,24.0,3.8,1.9,1.75,3.0,8208.31,29589.0,
X2,2019/4/28,24.0,3.7,1.8,1.73,3.0,8210.04,29592.0,
X2,2019/4/29,24.0,3.5,1.7,2.47,3.0,8212.51,29595.0,
X2,2019/4/30,24.0,3.7,1.9,2.0,4.0,8214.51,29599.0,
X2,2019/5/1,24.0,4.2,1.9,1.96,4.0,8216.47,29603.0,
X2,2019/5/2,24.0,4.4,1.8,1.6,3.0,8218.07,29606.0,
X2,2019/5/3,4.0,5.3,5.2,0.27,1.0,8218.34,29607.0,
X2,2019/5/5,24.0,4.2,1.8,2.86,6.0,8221.19,29613.0,
X2,2019/5/6,24.0,3.8,1.7,2.68,6.0,8223.87,29619.0,
X2,2019/5/7,24.0,3.6,1.8,2.46,5.0,8226.33,29624.0,
X2,2019/5/8,24.0,3.6,1.8,3.31,5.0,8229.65,29629.0,
X2,2019/5/9,24.0,3.4,1.7,2.93,5.0,8232.57,29634.0,
X2,2019/5/10,24.0,3.4,1.7,3.33,4.0,8235.91,29638.0,
X2,2019/5/11,24.0,3.5,1.8,2.56,5.0,8238.46,29643.0,
X2,2019/5/12,24.0,3.5,1.7,2.98,4.0,8241.44,29647.0,
X2,2019/5/13,24.0,3.4,1.7,2.83,4.0,8244.27,29651.0,
X2,2019/5/14,24.0,3.5,1.7,2.24,5.0,8246.51,29656.0,
X2,2019/5/15,24.0,3.89,1.74,1.51,3.0,8248.02,29659.0,
X2,2019/5/16,24.0,4.2,1.57,1.5,3.0,8249.52,29662.0,
X2,2019/5/17,24.0,4.43,1.49,1.42,3.0,8250.94,29665.0,
X2,2019/5/18,24.0,4.61,1.52,1.56,3.0,8252.5,29668.0,
X2,2019/5/19,24.0,4.76,1.43,1.28,2.0,8253.78,29670.0,
X2,2019/5/20,24.0,4.87,1.69,1.96,2.0,8255.74,29672.0,
X2,2019/5/21,24.0,4.99,1.7,1.57,2.0,8257.31,29674.0,
X2,2019/5/22,24.0,5.09,1.65,1.83,2.0,8259.14,29676.0,
X2,2019/5/23,24.0,5.18,1.61,2.04,2.0,8261.18,29678.0,
X2,2019/5/24,24.0,5.27,1.53,2.03,2.0,8263.2,29680.0,
X2,2019/5/26,24.0,4.3,1.78,3.76,6.0,8266.96,29686.0,
X2,2019/5/27,24.0,3.86,1.69,3.01,5.0,8269.98,29691.0,
X2,2019/5/28,24.0,3.63,1.65,2.86,4.0,8272.84,29695.0,
X2,2019/5/29,24.0,3.54,1.68,2.76,4.0,8275.6,29699.0,
X2,2019/5/30,24.0,3.52,1.66,2.34,3.0,8277.94,29702.0,
X2,2019/5/31,24.0,3.29,1.48,2.26,3.0,8280.2,29705.0,
X2,2019/6/1,24.0,3.09,1.45,2.65,5.0,8282.85,29710.0,
X2,2019/6/2,24.0,3.06,1.34,2.42,4.0,8285.27,29714.0,
X2,2019/6/3,24.0,3.09,1.67,2.52,4.0,8287.79,29718.0,
X2,2019/6/4,24.0,3.58,2.12,1.62,3.0,8289.4,29721.0,
X2,2019/6/5,24.0,3.84,1.47,1.98,3.0,8291.39,29724.0,
X2,2019/6/6,24.0,4.13,1.9,1.15,2.0,8292.54,29726.0,
X2,2019/6/7,24.0,4.34,1.69,1.55,2.0,8294.09,29728.0,
X2,2019/6/8,24.0,4.5,1.68,0.9,2.0,8294.99,29730.0,
X2,2019/6/10,24.0,3.91,1.85,3.05,5.0,8298.04,29735.0,
X2,2019/6/11,24.0,3.79,1.9,2.36,4.0,8300.4,29739.0,
X2,2019/6/12,24.0,4.01,1.6,1.71,4.0,8302.11,29743.0,
X2,2019/6/13,17.0,4.21,1.65,1.33,2.0,8303.44,29745.0,
X2,2019/6/14,24.0,4.51,1.67,1.55,2.0,8305.0,29747.0,
X2,2019/6/16,21.0,4.5,2.3,1.85,2.0,8306.85,29749.0,
X2,2019/6/17,24.0,4.8,2.3,1.69,1.0,8308.54,29750.0,
X2,2019/6/18,24.0,4.9,1.8,1.97,2.0,8310.51,29752.0,
X2,2019/6/19,24.0,5.0,1.7,1.04,2.0,8311.56,29754.0,
X2,2019/6/20,24.0,5.1,1.9,1.13,2.0,8312.69,29756.0,
X2,2019/6/21,24.0,5.2,1.8,1.72,1.0,8314.41,29757.0,
X2,2019/6/22,24.0,5.3,1.8,1.82,1.0,8316.23,29758.0,
X2,2019/6/23,4.0,5.8,5.7,0.16,1.0,8316.39,29759.0,
X2,2019/6/24,21.5,5.3,1.8,2.61,2.0,8319.0,29761.0,
X2,2019/6/26,23.0,5.3,1.7,1.2,2.0,8320.2,29763.0,
X2,2019/6/27,24.0,5.5,1.7,0.45,1.0,8320.65,29764.0,
X2,2019/6/28,24.0,5.6,1.7,2.42,1.0,8323.07,29765.0,
X2,2019/6/29,1.0,6.1,6.0,0.03,0.0,8323.1,29765.0,
X2,2019/7/1,20.5,5.0,1.9,2.16,3.0,8325.26,29768.0,
X2,2019/7/2,24.0,4.3,1.9,3.15,5.0,8328.41,29773.0,
X2,2019/7/3,24.0,4.1,2.0,2.88,4.0,8331.29,29777.0,
X2,2019/7/4,24.0,3.9,1.8,2.86,4.0,8334.14,29781.0,
X2,2019/7/5,24.0,3.8,1.8,2.66,4.0,8336.81,29785.0,
X2,2019/7/6,24.0,4.1,2.1,1.92,3.0,8338.73,29788.0,
X2,2019/7/7,24.0,4.5,2.3,0.85,1.0,8339.58,29789.0,
X2,2019/7/8,24.0,4.8,2.1,1.61,1.0,8341.19,29790.0,
X2,2019/7/9,8.5,5.5,5.3,0.27,1.0,8341.46,29791.0,
X2,2019/7/11,20.0,4.9,2.1,1.84,3.0,8343.3,29794.0,
X2,2019/7/12,24.0,5.1,2.0,1.79,1.0,8345.09,29795.0,
X2,2019/7/13,24.0,5.3,1.9,2.13,1.0,8347.22,29796.0,
X2,2019/7/14,2.0,5.9,5.8,0.55,1.0,8347.77,29797.0,
X2,2019/7/16,24.0,4.79,2.2,2.95,6.0,8350.72,29803.0,
X2,2019/7/17,24.0,4.5,2.11,2.36,5.0,8353.09,29808.0,
X2,2019/7/18,24.0,4.65,1.75,1.81,3.0,8354.9,29811.0,
X2,2019/7/19,24.0,5.01,1.9,1.87,2.0,8356.76,29813.0,
X2,2019/7/21,24.0,4.34,2.0,2.49,4.0,8359.25,29817.0,
X2,2019/7/22,24.0,4.07,2.07,2.27,4.0,8361.52,29821.0,
X2,2019/7/23,24.0,4.02,2.01,2.02,3.0,8363.54,29824.0,
X2,2019/7/24,24.0,4.44,1.93,1.82,3.0,8365.35,29827.0,
X2,2019/7/25,24.0,4.79,2.05,1.45,3.0,8366.81,29830.0,
X2,2019/7/26,24.0,5.01,1.81,1.46,2.0,8368.26,29832.0,
X2,2019/7/27,24.0,5.17,1.85,2.35,2.0,8370.62,29834.0,
X2,2019/7/28,24.0,5.29,1.78,1.75,2.0,8372.37,29836.0,
X2,2019/7/30,24.0,4.54,2.1,2.94,5.0,8375.31,29841.0,
X2,2019/7/31,24.0,4.17,2.18,2.72,5.0,8378.03,29846.0,
X2,2019/8/1,24.0,4.08,1.98,2.44,4.0,8380.47,29850.0,
X2,2019/8/2,24.0,4.45,1.87,2.49,3.0,8382.95,29853.0,
X2,2019/8/3,24.0,4.8,1.84,1.0,2.0,8383.96,29855.0,
X2,2019/8/5,24.0,4.26,2.05,2.99,6.0,8386.95,29861.0,
X2,2019/8/6,24.0,4.05,2.02,2.52,4.0,8389.47,29865.0,
X2,2019/8/7,24.0,4.17,1.83,1.99,3.0,8391.46,29868.0,
X2,2019/8/8,24.0,4.55,1.69,2.03,2.0,8393.49,29870.0,
X2,2019/8/10,24.0,4.06,1.92,3.01,5.0,8396.51,29875.0,
X2,2019/8/11,24.0,3.77,1.87,2.63,4.0,8399.14,29879.0,
X2,2019/8/12,24.0,4.01,1.72,2.66,2.0,8401.8,29881.0,
X2,2019/8/13,24.0,4.39,1.68,1.76,2.0,8403.56,29883.0,
X2,2019/8/15,23.0,4.1,1.4,2.71,2.0,8406.27,29885.0,
X2,2019/8/16,24.0,3.7,1.7,2.34,2.0,8408.62,29887.0,
X2,2019/8/17,24.0,3.7,1.7,2.21,2.0,8410.82,29889.0,
X2,2019/8/18,24.0,4.1,2.1,1.82,3.0,8412.64,29892.0,
X2,2019/8/19,24.0,4.4,1.9,2.12,2.0,8414.75,29894.0,
X2,2019/8/20,24.0,4.4,1.7,1.05,2.0,8415.8,29896.0,
X2,2019/8/21,24.0,4.7,1.8,2.82,3.0,8418.63,29899.0,
X2,2019/8/22,24.0,4.8,1.7,2.98,3.0,8421.6,29902.0,
X2,2019/8/23,24.0,4.9,1.6,2.46,2.0,8424.07,29904.0,
X2,2019/8/24,24.0,5.0,1.6,1.65,2.0,8425.72,29906.0,
X2,2019/8/27,24.0,5.1,1.7,1.9,2.0,8427.61,29908.0,
X2,2019/8/28,24.0,5.2,1.5,1.3,2.0,8428.92,29910.0,
X2,2019/8/29,24.0,5.4,1.4,1.3,2.0,8430.22,29912.0,
X2,2019/9/1,24.0,4.5,1.7,3.25,5.0,8433.47,29917.0,
X2,2019/9/2,8.0,4.3,1.2,0.44,1.0,8433.91,29918.0,
X2,2019/9/11,1.0,6.1,4.6,0.11,1.0,8434.02,29919.0,
X2,2019/9/12,24.0,4.6,2.0,2.91,4.0,8436.93,29923.0,
X2,2019/9/13,24.0,4.2,1.8,2.54,4.0,8439.46,29927.0,
X2,2019/9/14,24.0,4.1,1.7,2.53,3.0,8441.99,29930.0,
X2,2019/9/15,24.0,3.94,1.98,2.79,4.0,8444.79,29934.0,
X2,2019/9/16,24.0,3.81,1.93,2.74,4.0,8447.53,29938.0,
X2,2019/9/17,24.0,4.22,1.71,2.25,3.0,8449.78,29941.0,
X2,2019/9/18,24.0,2.99,1.71,1.73,3.0,8451.51,29944.0,
X2,2019/9/19,24.0,4.92,1.75,1.41,2.0,8452.92,29946.0,
X2,2019/9/20,24.0,5.1,1.66,1.04,2.0,8453.96,29948.0,
X2,2019/9/21,24.0,5.23,1.62,0.95,1.0,8454.92,29949.0,
X2,2019/9/22,24.0,5.33,1.58,0.8,1.0,8455.72,29950.0,
X2,2019/9/24,24.0,4.3,1.92,3.35,6.0,8459.07,29956.0,
X2,2019/9/25,24.0,3.87,1.83,3.19,5.0,8462.26,29961.0,
X2,2019/9/26,24.0,3.71,1.77,2.87,4.0,8465.13,29965.0,
X2,2019/9/27,24.0,3.55,1.78,2.78,4.0,8467.91,29969.0,
X2,2019/9/28,24.0,3.5,1.72,2.62,4.0,8470.53,29973.0,
X2,2019/9/29,24.0,3.41,1.73,2.6,4.0,8473.14,29977.0,
X2,2019/9/30,24.0,3.41,1.74,2.5,4.0,8475.63,29981.0,
X2,2019/10/1,24.0,3.37,1.71,2.41,4.0,8478.04,29985.0,
X2,2019/10/2,24.0,3.25,1.54,2.52,4.0,8480.57,29989.0,
X2,2019/10/3,24.0,3.27,1.7,2.33,3.0,8482.9,29992.0,
X2,2019/10/4,24.0,3.26,1.66,2.28,3.0,8485.18,29995.0,
X2,2019/10/5,24.0,3.21,1.64,2.32,4.0,8487.5,29999.0,
X2,2019/10/6,24.0,3.43,1.59,1.86,2.0,8489.36,30001.0,
X2,2019/10/7,24.0,3.79,1.61,0.79,1.0,8490.15,30002.0,
X2,2019/10/9,24.0,3.43,1.68,3.13,5.0,8493.28,30007.0,
X2,2019/10/10,24.0,3.28,1.66,2.49,4.0,8495.76,30011.0,
X2,2019/10/11,24.0,3.22,1.59,2.34,4.0,8498.1,30015.0,
X2,2019/10/12,24.0,3.57,1.48,1.84,3.0,8499.94,30018.0,
X2,2019/10/14,24.0,3.51,1.68,2.81,5.0,8502.75,30023.0,
X2,2019/10/15,24.0,3.8,1.7,1.9,3.0,8504.65,30026.0,
X2,2019/10/16,24.0,4.1,1.4,0.7,1.0,8505.36,30027.0,
X2,2019/10/17,4.0,4.1,1.8,0.04,0.0,8505.4,30027.0,
X2,2019/10/18,17.5,4.1,1.4,0.95,2.0,8506.35,30029.0,
X2,2019/10/19,24.0,4.28,1.44,1.03,2.0,8507.38,30031.0,
X2,2019/10/20,24.0,4.48,1.42,1.34,2.0,8508.72,30033.0,
X2,2019/10/21,2.0,4.6,1.3,0.17,0.0,8508.89,30033.0,
X2,2019/10/23,15.0,4.4,1.8,1.54,2.0,8510.42,30035.0,
X2,2019/10/24,24.0,4.0,1.5,1.97,3.0,8512.4,30038.0,
X2,2019/10/25,24.0,3.6,2.2,2.87,4.0,8515.27,30042.0,
X2,2019/10/28,24.0,4.0,1.7,2.92,5.0,8518.19,30047.0,
X2,2019/10/29,24.0,4.2,1.5,1.72,2.0,8519.92,30049.0,
X2,2019/10/30,24.0,4.5,1.6,0.59,1.0,8520.51,30050.0,
X2,2019/11/2,24.0,4.74,3.28,2.72,5.0,8523.23,30055.0,
X2,2019/11/3,24.0,3.89,1.62,2.79,5.0,8526.02,30060.0,
X2,2019/11/4,24.0,3.62,1.67,2.5,4.0,8528.52,30064.0,
X2,2019/11/5,24.0,3.51,1.58,2.37,4.0,8530.89,30068.0,
X2,2019/11/6,24.0,3.44,1.51,2.28,4.0,8533.16,30072.0,
X2,2019/11/9,24.0,4.11,2.71,3.38,5.0,8536.54,30077.0,
X2,2019/11/10,24.0,3.46,1.53,2.54,4.0,8539.08,30081.0,
X2,2019/11/11,24.0,3.5,1.66,2.38,3.0,8541.45,30084.0,
X2,2019/11/12,24.0,3.79,1.35,0.98,1.0,8542.44,30085.0,
X2,2019/11/15,24.0,4.31,3.01,2.53,4.0,8544.97,30089.0,
X2,2019/11/16,24.0,3.7,1.63,2.07,3.0,8547.04,30092.0,
X2,2019/11/17,24.0,3.57,1.52,2.17,3.0,8549.2,30095.0,
X2,2019/11/18,24.0,3.46,1.48,2.2,3.0,8551.4,30098.0,
X2,2019/11/19,6.0,3.97,3.01,0.54,1.0,8551.93,30099.0,
X2,2019/11/20,24.0,3.72,1.76,2.95,4.0,8554.88,30103.0,
X2,2019/11/21,8.0,3.85,2.87,0.54,1.0,8555.42,30104.0,
X2,2019/11/23,24.0,4.14,3.21,3.01,4.0,8558.43,30108.0,
X2,2019/11/24,24.0,3.47,1.56,1.91,3.0,8560.34,30111.0,
X2,2019/11/25,24.0,3.73,1.39,1.27,2.0,8561.61,30113.0,
X2,2019/11/26,24.0,3.95,1.36,1.02,2.0,8562.63,30115.0,
X2,2019/11/27,4.0,4.46,3.12,0.32,1.0,8562.95,30116.0,
X2,2019/11/28,24.0,4.2,1.9,2.75,5.0,8565.7,30121.0,
X2,2019/11/29,22.0,4.01,1.53,1.71,2.0,8567.41,30123.0,
X2,2019/11/30,24.0,4.01,1.53,2.27,4.0,8569.68,30127.0,
X2,2019/12/1,24.0,4.01,1.53,2.08,4.0,8571.75,30131.0,
X2,2019/12/2,24.0,4.01,1.53,1.45,3.0,8573.2,30134.0,
X2,2019/12/3,24.0,3.83,1.89,1.3,2.0,8574.5,30136.0,
X2,2019/12/4,24.0,3.99,1.75,1.03,2.0,8575.53,30138.0,
X2,2019/12/6,24.0,4.11,1.91,2.66,5.0,8578.19,30143.0,
X2,2019/12/7,24.0,3.71,1.88,1.82,4.0,8580.01,30147.0,
X2,2019/12/8,24.0,3.7,1.95,1.58,3.0,8581.59,30150.0,
X2,2019/12/9,24.0,3.93,1.25,1.1,1.0,8582.7,30151.0,
X2,2019/12/10,24.0,4.17,1.27,0.84,1.0,8583.54,30152.0,
X2,2019/12/11,2.0,4.27,1.17,0.1,0.0,8583.64,30152.0,
X2,2019/12/13,24.0,4.12,1.68,3.48,3.0,8587.12,30155.0,
X2,2019/12/14,24.0,3.49,1.38,2.4,2.0,8589.52,30157.0,
X2,2019/12/15,24.0,3.27,1.35,2.57,2.0,8592.09,30159.0,
X2,2019/12/17,23.0,3.69,2.41,1.34,1.0,8593.43,30160.0,
X2,2019/12/18,24.0,3.16,1.33,1.4,2.0,8594.84,30162.0,
X2,2019/12/19,24.0,3.02,1.31,1.1,2.0,8595.94,30164.0,
X2,2019/12/20,24.0,2.91,1.29,1.38,2.0,8597.31,30166.0,
X2,2019/12/21,24.0,2.91,1.46,1.6,2.0,8598.91,30168.0,
X2,2019/12/22,24.0,2.98,1.29,1.99,3.0,8600.9,30171.0,
X2,2019/12/23,24.0,3.13,1.81,2.3,2.0,8603.2,30173.0,
X2,2019/12/24,24.0,3.37,1.31,1.5,2.0,8604.71,30175.0,
X2,2019/12/25,24.0,3.63,1.24,1.1,2.0,8605.81,30177.0,
X2,2019/12/26,24.0,3.83,1.19,2.15,2.0,8607.96,30179.0,
X2,2019/12/27,24.0,4.0,2.05,1.86,2.0,8609.82,30181.0,
X2,2019/12/28,24.0,4.11,1.36,1.04,2.0,8610.86,30183.0,
X2,2019/12/29,24.0,4.23,1.9,1.11,1.0,8611.97,30184.0,
X2,2019/12/30,24.0,4.31,1.2,1.45,1.0,8613.42,30185.0,
X2,2019/12/31,24.0,4.39,1.12,0.99,1.0,8614.41,30186.0,
X2,2020/1/1,24.0,4.51,2.32,1.12,1.0,8615.54,30187.0,
X2,2020/1/2,24.0,4.54,1.42,1.4,1.0,8616.94,30188.0,
X2,2020/1/3,24.0,4.61,1.3,0.7,0.0,8617.64,30188.0,
X2,2020/1/4,24.0,4.68,1.47,1.32,0.0,8618.96,30188.0,
X2,2020/1/6,24.0,4.66,3.32,3.37,3.0,8622.32,30191.0,
X2,2020/1/7,24.0,3.77,1.6,2.72,3.0,8625.05,30194.0,
X2,2020/1/8,24.0,3.39,1.35,2.68,2.0,8627.73,30196.0,
X2,2020/1/9,24.0,3.2,1.34,2.5,2.0,8630.23,30198.0,
X2,2020/1/10,24.0,3.1,1.37,2.36,2.0,8632.59,30200.0,
X2,2020/1/11,24.0,3.23,1.82,2.16,2.0,8634.75,30202.0,
X2,2020/1/12,24.0,3.54,1.32,1.3,1.0,8636.05,30203.0,
X2,2020/1/13,24.0,3.83,1.25,1.04,1.0,8637.09,30204.0,
X2,2020/1/14,24.0,4.05,2.05,1.02,1.0,8638.11,30205.0,
X2,2020/1/15,24.0,4.19,1.16,0.72,1.0,8638.83,30206.0,
X2,2020/1/21,20.0,4.97,4.09,2.3,2.0,8641.13,30208.0,
X2,2020/1/22,24.0,4.37,2.67,2.31,2.0,8643.44,30210.0,
X2,2020/1/23,24.0,4.37,2.67,1.27,1.0,8644.71,30211.0,
X2,2020/1/24,24.0,3.31,1.44,0.9,1.0,8645.62,30212.0,
X2,2020/1/25,24.0,3.24,0.37,1.0,1.0,8646.62,30213.0,
X2,2020/1/26,24.0,3.21,1.37,1.97,2.0,8648.58,30215.0,
X2,2020/1/27,24.0,3.13,1.33,1.39,2.0,8649.97,30217.0,
X2,2020/1/28,24.0,3.28,1.72,2.0,2.0,8651.98,30219.0,
X2,2020/1/29,24.0,3.52,1.09,1.1,1.0,8653.08,30220.0,
X2,2020/1/30,24.0,3.73,1.09,0.65,0.0,8653.73,30220.0,
X2,2020/1/31,24.0,3.91,1.05,0.8,0.0,8654.53,30220.0,
X2,2020/2/1,24.0,3.93,1.05,0.76,0.0,8655.29,30220.0,
X2,2020/2/2,24.0,4.27,1.15,1.92,2.0,8657.21,30222.0,
X2,2020/2/3,24.0,4.38,2.19,1.27,1.0,8658.47,30223.0,
X2,2020/2/4,5.5,4.36,1.13,0.51,0.0,8658.98,30223.0,
X2,2020/2/10,21.0,4.74,3.52,2.3,2.0,8661.28,30225.0,
X2,2020/2/11,24.0,3.61,1.46,2.87,2.0,8664.15,30227.0,
X2,2020/2/12,24.0,3.38,1.37,2.6,2.0,8666.75,30229.0,
X2,2020/2/13,24.0,3.23,1.35,2.5,2.0,8669.25,30231.0,
X2,2020/2/14,24.0,3.18,1.27,2.44,2.0,8671.69,30233.0,
X2,2020/2/15,24.0,3.18,1.27,2.24,2.0,8673.93,30235.0,
X2,2020/2/16,24.0,3.18,1.27,2.35,2.0,8676.29,30237.0,
X2,2020/2/17,24.0,3.18,1.27,2.34,2.0,8678.62,30239.0,
X2,2020/2/18,24.0,3.18,1.27,2.31,2.0,8680.93,30241.0,
X2,2020/2/19,24.0,3.18,1.27,2.2,2.0,8683.13,30243.0,
X2,2020/2/20,24.0,3.18,1.27,1.9,2.0,8685.03,30245.0,
X2,2020/2/21,24.0,3.18,1.27,1.71,1.0,8686.74,30246.0,
X2,2020/2/22,24.0,3.18,1.27,1.01,1.0,8687.74,30247.0,
X2,2020/2/23,24.0,3.18,1.27,0.53,0.0,8688.27,30247.0,
X2,2020/2/24,24.0,3.18,1.27,0.4,0.0,8688.67,30247.0,
X2,2020/2/25,0.5,4.48,4.42,0.0,0.0,8688.67,30247.0,
X2,2020/2/28,22.5,3.18,1.27,2.4,2.0,8691.07,30249.0,
X2,2020/2/29,24.0,3.18,1.27,1.71,2.0,8692.78,30251.0,
X2,2020/3/1,24.0,3.18,1.27,2.0,2.0,8694.78,30253.0,
X2,2020/3/2,24.0,3.18,1.27,1.53,2.0,8696.31,30255.0,
X2,2020/3/3,24.0,3.18,1.27,1.22,2.0,8697.52,30257.0,
X2,2020/3/4,24.0,3.18,1.27,1.69,2.0,8699.21,30259.0,
X2,2020/3/5,24.0,3.18,1.27,1.58,1.0,8700.79,30260.0,
X2,2020/3/6,24.0,3.18,1.27,1.84,1.0,8702.63,30261.0,
X2,2020/3/7,24.0,2.98,1.38,1.98,2.0,8704.61,30263.0,
X2,2020/3/8,24.0,2.98,1.22,1.62,2.0,8706.23,30265.0,
X2,2020/3/9,24.0,3.23,1.31,1.27,1.0,8707.5,30266.0,
X2,2020/3/10,24.0,3.42,1.15,1.79,1.0,8709.29,30267.0,
X2,2020/3/11,24.0,3.6,1.3,1.1,1.0,8710.39,30268.0,
X2,2020/3/12,5.0,4.39,4.33,0.0,0.0,8710.39,30268.0,
X2,2020/3/20,21.5,4.44,3.4,2.81,3.0,8713.2,30271.0,
X2,2020/3/21,24.0,3.34,1.43,1.48,1.0,8714.68,30272.0,
X2,2020/3/22,24.0,3.16,1.48,1.92,2.0,8716.6,30274.0,
X2,2020/3/23,24.0,3.1,1.36,1.75,2.0,8718.36,30276.0,
X2,2020/3/24,3.5,3.02,1.36,0.11,0.0,8718.47,30276.0,
X2,2020/4/1,24.0,4.49,3.37,2.09,2.0,8720.56,30278.0,
X2,2020/4/2,24.0,3.31,1.43,1.48,1.0,8722.05,30279.0,
X2,2020/4/3,24.0,3.14,1.34,1.28,1.0,8723.33,30280.0,
X2,2020/4/4,24.0,3.18,1.85,2.42,2.0,8725.74,30282.0,
X2,2020/4/5,24.0,3.28,1.35,1.01,1.0,8726.75,30283.0,
X2,2020/4/6,24.0,3.47,1.25,1.64,2.0,8728.39,30285.0,
X2,2020/4/7,24.0,3.74,1.23,0.93,1.0,8729.31,30286.0,
X2,2020/4/8,24.0,3.95,1.35,1.0,1.0,8730.31,30287.0,
X2,2020/4/9,24.0,4.09,1.26,1.06,0.0,8731.37,30287.0,
X2,2020/4/15,24.0,4.46,3.13,4.36,4.0,8735.73,30291.0,
X2,2020/4/16,24.0,3.48,2.02,1.62,2.0,8737.35,30293.0,
X2,2020/4/17,24.0,3.5,2.19,1.41,1.0,8738.76,30294.0,
X2,2020/4/18,24.0,3.37,1.48,1.57,1.0,8740.33,30295.0,
X2,2020/4/19,24.0,3.26,1.81,1.37,1.0,8741.7,30296.0,
X2,2020/4/20,24.0,3.51,2.15,0.8,0.0,8742.5,30296.0,
X2,2020/4/21,2.5,4.16,3.87,0.0,0.0,8742.5,30296.0,
X2,2020/4/23,16.0,4.15,3.04,1.21,1.0,8743.71,30297.0,
X2,2020/4/24,24.0,3.26,1.26,1.0,1.0,8744.71,30298.0,
X2,2020/4/25,24.0,3.09,1.4,1.2,1.0,8745.91,30299.0,
X2,2020/4/26,24.0,3.3,1.56,1.31,1.0,8747.22,30300.0,
X2,2020/4/27,2.0,3.97,2.76,0.1,1.0,8747.32,30301.0,
X2,2020/5/1,15.5,4.2,2.97,3.22,4.0,8750.54,30305.0,
X2,2020/5/2,24.0,3.49,1.52,2.51,3.0,8753.05,30308.0,
X2,2020/5/3,24.0,3.26,1.49,1.51,2.0,8754.56,30310.0,
X2,2020/5/4,24.0,3.39,1.45,1.19,2.0,8755.75,30312.0,
X2,2020/5/5,4.0,4.46,4.38,0.0,0.0,8755.75,30312.0,
X2,2020/5/7,24.0,3.52,1.59,2.24,2.0,8757.99,30314.0,
X2,2020/5/8,24.0,3.11,1.24,2.21,2.0,8760.2,30316.0,
X2,2020/5/9,24.0,3.12,1.29,1.65,2.0,8761.85,30318.0,
X2,2020/5/10,24.0,3.3,1.32,0.93,1.0,8762.79,30319.0,
X2,2020/5/11,24.0,3.61,1.52,1.35,2.0,8764.13,30321.0,
X2,2020/5/12,24.0,3.82,1.27,0.4,1.0,8764.53,30322.0,
X2,2020/5/13,7.0,0.0,0.0,0.0,0.0,8764.53,30322.0,
X2,2020/5/14,22.0,3.86,1.74,1.23,1.0,8765.76,30323.0,
X2,2020/5/15,24.0,3.91,1.42,1.0,1.0,8766.76,30324.0,
X2,2020/5/16,16.5,2.95,1.46,0.73,1.0,8767.5,30325.0,
X2,2020/5/17,24.0,4.24,2.13,0.83,1.0,8768.33,30326.0,
X2,2020/5/18,24.0,4.33,2.15,0.92,1.0,8769.25,30327.0,
X2,2020/5/19,24.0,4.45,2.28,0.86,1.0,8770.11,30328.0,
X2,2020/5/20,24.0,4.52,2.32,0.64,1.0,8770.75,30329.0,
X2,2020/5/21,24.0,4.58,2.21,0.65,1.0,8771.4,30330.0,
X2,2020/5/22,24.0,4.62,2.0,0.65,1.0,8772.05,30331.0,
X2,2020/5/23,24.0,4.67,1.88,0.87,1.0,8772.91,30332.0,
X2,2020/5/24,24.0,4.74,1.93,0.84,1.0,8773.75,30333.0,
X2,2020/5/25,24.0,4.77,1.56,0.8,1.0,8774.55,30334.0,
X2,2020/5/26,24.0,4.8,1.55,0.82,1.0,8775.37,30335.0,
X2,2020/5/27,24.0,4.85,1.65,0.8,1.0,8776.17,30336.0,
X2,2020/5/28,24.0,4.97,2.35,0.77,1.0,8776.94,30337.0,
X2,2020/5/29,24.0,5.04,2.74,0.87,1.0,8777.81,30338.0,
X2,2020/5/30,24.0,5.08,3.2,0.85,1.0,8778.66,30339.0,
X2,2020/5/31,24.0,5.07,3.38,0.82,1.0,8779.48,30340.0,
X2,2020/6/1,24.0,4.98,3.1,0.9,1.0,8780.38,30341.0,
X2,2020/6/2,24.0,4.94,3.04,0.89,1.0,8781.27,30342.0,
X2,2020/6/3,24.0,4.9,2.75,0.91,1.0,8782.18,30343.0,
X2,2020/6/4,24.0,4.89,2.88,0.93,1.0,8783.11,30344.0,
X2,2020/6/5,24.0,4.84,2.82,0.86,1.0,8783.97,30345.0,
X2,2020/6/6,24.0,4.57,2.67,0.91,1.0,8784.88,30346.0,
X2,2020/6/7,24.0,4.49,3.23,0.7,1.0,8785.58,30347.0,
X2,2020/6/8,24.0,4.66,1.71,0.68,1.0,8786.26,30348.0,
X2,2020/6/9,24.0,4.67,1.58,0.66,1.0,8786.92,30349.0,
X2,2020/6/10,24.0,4.76,1.62,0.65,1.0,8787.57,30350.0,
X2,2020/6/11,24.0,4.84,1.61,0.68,1.0,8788.25,30351.0,
X2,2020/6/12,24.0,4.9,1.46,0.65,1.0,8788.9,30352.0,
X2,2020/6/13,24.0,4.94,1.57,0.6,1.0,8789.5,30353.0,
X2,2020/6/14,24.0,5.01,1.73,0.82,1.0,8790.32,30354.0,
X2,2020/6/15,24.0,5.06,1.43,0.8,1.0,8791.12,30355.0,
X2,2020/6/16,24.0,5.11,1.57,0.94,1.0,8792.06,30356.0,
X2,2020/6/17,24.0,5.14,2.18,1.0,1.0,8793.06,30357.0,
X2,2020/6/18,24.0,5.16,1.75,1.3,1.0,8794.36,30358.0,
X2,2020/6/19,24.0,5.18,2.04,1.5,1.0,8795.86,30359.0,
X2,2020/6/20,24.0,5.17,2.44,1.29,2.0,8797.15,30361.0,
X2,2020/6/21,24.0,5.01,2.65,1.0,2.0,8798.15,30363.0,
X2,2020/6/22,24.0,4.76,2.91,1.28,2.0,8799.43,30365.0,
X2,2020/6/23,24.0,4.59,2.82,1.15,1.0,8800.59,30366.0,
X2,2020/6/24,24.0,4.4,2.8,1.3,1.0,8801.88,30367.0,
X2,2020/6/25,24.0,4.24,2.79,1.1,1.0,8802.98,30368.0,
X2,2020/6/26,24.0,4.24,2.44,1.55,1.0,8804.53,30369.0,
X2,2020/6/27,24.0,4.36,2.34,1.12,1.0,8805.65,30370.0,
X2,2020/6/28,24.0,4.4,2.33,1.85,2.0,8807.5,30372.0,
X2,2020/6/29,24.0,4.47,2.33,0.78,1.0,8808.28,30373.0,
X2,2020/6/30,24.0,4.54,2.35,0.75,1.0,8809.04,30374.0,
X2,2020/7/1,24.0,4.58,2.4,1.56,0.0,8810.6,30374.0,
X2,2020/7/2,24.0,4.6,2.45,1.75,1.0,8812.34,30375.0,
X2,2020/7/3,24.0,4.65,2.39,1.6,1.0,8813.94,30376.0,
X2,2020/7/4,24.0,4.63,2.53,1.74,3.0,8815.68,30379.0,
X2,2020/7/5,24.0,4.58,1.51,0.96,3.0,8816.64,30382.0,
X2,2020/7/6,24.0,4.45,2.49,1.96,3.0,8818.6,30385.0,
X2,2020/7/7,24.0,4.45,1.67,0.91,3.0,8819.51,30388.0,
X2,2020/7/8,24.0,4.46,1.35,1.03,3.0,8820.55,30391.0,
X2,2020/7/9,24.0,4.46,1.35,1.0,2.0,8821.55,30393.0,
X2,2020/7/10,24.0,4.46,1.35,1.86,2.0,8823.41,30395.0,
X2,2020/7/11,24.0,4.46,1.35,0.83,2.0,8824.24,30397.0,
X2,2020/7/12,24.0,4.46,1.35,0.77,2.0,8825.0,30399.0,
X2,2020/7/13,24.0,4.46,1.35,1.1,3.0,8826.1,30402.0,
X2,2020/7/14,24.0,4.46,1.35,0.89,2.0,8826.99,30404.0,
X2,2020/7/15,24.0,4.46,1.35,0.7,2.0,8827.69,30406.0,
X2,2020/7/16,24.0,4.46,1.35,0.76,3.0,8828.45,30409.0,
X2,2020/7/17,24.0,4.46,1.35,0.87,3.0,8829.32,30412.0,
X2,2020/7/18,9.0,4.74,3.24,0.45,1.0,8829.77,30413.0,
X2,2020/7/25,19.5,5.21,4.16,1.6,2.0,8831.37,30415.0,
X2,2020/7/26,24.0,4.86,2.86,1.96,3.0,8833.33,30418.0,
X2,2020/7/27,24.0,4.59,2.81,1.91,3.0,8835.24,30421.0,
X2,2020/7/28,24.0,4.39,2.75,1.87,2.0,8837.11,30423.0,
X2,2020/7/29,24.0,4.27,2.69,1.33,2.0,8838.44,30425.0,
X2,2020/7/30,24.0,4.45,2.71,0.7,1.0,8839.14,30426.0,
X2,2020/7/31,24.0,4.57,2.65,0.7,1.0,8839.84,30427.0,
X2,2020/8/1,24.0,4.66,2.63,0.62,1.0,8840.46,30428.0,
X2,2020/8/2,24.0,4.65,2.74,0.76,1.0,8841.22,30429.0,
X2,2020/8/3,24.0,4.51,2.9,0.82,1.0,8842.04,30430.0,
X2,2020/8/4,24.0,4.42,2.91,1.39,2.0,8843.43,30432.0,
X2,2020/8/5,24.0,4.4,3.04,1.35,2.0,8844.78,30434.0,
X2,2020/8/6,24.0,4.4,2.86,1.23,2.0,8846.01,30436.0,
X2,2020/8/7,24.0,4.44,2.8,1.01,1.0,8847.02,30437.0,
X2,2020/8/8,24.0,4.47,2.81,1.0,1.0,8848.02,30438.0,
X2,2020/8/9,24.0,4.52,3.71,1.0,1.0,8849.02,30439.0,
X2,2020/8/10,24.0,4.58,2.89,0.8,1.0,8849.82,30440.0,
X2,2020/8/11,24.0,4.61,2.77,2.0,1.0,8851.82,30441.0,
X2,2020/8/12,24.0,4.67,3.27,1.0,2.0,8852.82,30443.0,
X2,2020/8/13,24.0,4.85,4.64,0.93,2.0,8853.75,30445.0,
X2,2020/8/14,24.0,4.68,3.36,1.0,1.0,8854.75,30446.0,
X2,2020/8/15,24.0,4.63,3.11,1.4,2.0,8856.15,30448.0,
X2,2020/8/16,24.0,4.64,3.07,1.2,2.0,8857.35,30450.0,
X2,2020/8/17,24.0,4.65,2.96,1.32,3.0,8858.67,30453.0,
X2,2020/8/18,24.0,4.67,3.04,2.25,2.0,8860.92,30455.0,
X2,2020/8/19,24.0,4.7,3.02,1.8,2.0,8862.72,30457.0,
X2,2020/8/20,24.0,4.75,3.1,0.9,2.0,8863.62,30459.0,
X2,2020/8/21,24.0,4.83,4.54,1.93,2.0,8865.55,30461.0,
X2,2020/8/22,24.0,4.91,2.88,1.85,2.0,8867.4,30463.0,
X2,2020/8/23,24.0,4.96,2.9,0.8,1.0,8868.2,30464.0,
X2,2020/8/24,24.0,5.02,3.03,0.69,1.0,8868.89,30465.0,
X2,2020/8/25,24.0,5.05,2.72,0.66,2.0,8869.55,30467.0,
X2,2020/8/26,24.0,5.12,2.7,1.78,2.0,8871.33,30469.0,
X2,2020/8/27,24.0,5.13,2.89,0.72,2.0,8872.05,30471.0,
X2,2020/8/28,24.0,5.16,2.97,0.65,1.0,8872.7,30472.0,
X2,2020/8/29,24.0,5.21,2.9,0.66,2.0,8873.35,30474.0,
X2,2020/8/30,24.0,5.25,2.9,1.67,2.0,8875.02,30476.0,
X2,2020/8/31,24.0,5.28,2.88,1.66,1.0,8876.69,30477.0,
X2,2020/9/1,24.0,5.31,2.82,0.62,1.0,8877.31,30478.0,
X2,2020/9/2,24.0,5.35,2.79,0.64,2.0,8877.95,30480.0,
X2,2020/9/3,24.0,5.38,2.75,1.79,1.0,8879.74,30481.0,
X2,2020/9/4,24.0,5.39,1.69,0.83,2.0,8880.57,30483.0,
X2,2020/9/5,24.0,5.42,2.18,0.7,2.0,8881.27,30485.0,
X2,2020/9/6,24.0,5.46,2.76,0.5,1.0,8881.77,30486.0,
X2,2020/9/7,24.0,5.48,2.85,1.09,1.0,8882.86,30487.0,
X2,2020/9/8,24.0,5.51,2.82,0.71,1.0,8883.57,30488.0,
X2,2020/9/9,24.0,5.54,2.8,0.7,1.0,8884.27,30489.0,
X2,2020/9/10,24.0,5.55,2.8,1.1,2.0,8885.37,30491.0,
X2,2020/9/11,24.0,5.57,2.86,1.1,2.0,8886.47,30493.0,
X2,2020/9/12,24.0,5.6,2.72,1.02,2.0,8887.49,30495.0,
X2,2020/9/13,24.0,5.6,2.4,1.1,2.0,8888.59,30497.0,
X2,2020/9/14,24.0,5.59,2.24,1.47,2.0,8890.06,30499.0,
X2,2020/9/15,24.0,5.59,2.24,1.0,2.0,8891.06,30501.0,
X2,2020/9/16,24.0,5.67,2.61,1.0,2.0,8892.06,30503.0,
X2,2020/9/17,24.0,5.73,4.71,1.0,2.0,8893.06,30505.0,
X2,2020/9/18,24.0,5.72,2.78,0.82,1.0,8893.89,30506.0,
X2,2020/9/19,24.0,5.74,2.9,0.98,1.0,8894.87,30507.0,
X2,2020/9/20,24.0,5.74,2.91,0.72,1.0,8895.59,30508.0,
X2,2020/9/21,24.0,5.73,1.63,0.98,1.0,8896.57,30509.0,
X2,2020/9/22,24.0,5.75,2.02,0.87,1.0,8897.44,30510.0,
X2,2020/9/23,24.0,5.79,2.65,0.7,1.0,8898.14,30511.0,
X2,2020/9/24,24.0,5.8,2.77,0.6,1.0,8898.74,30512.0,
X2,2020/9/25,24.0,5.81,2.82,0.53,1.0,8899.27,30513.0,
X2,2020/9/26,24.0,5.85,3.48,0.5,1.0,8899.77,30514.0,
X2,2020/9/27,24.0,5.85,2.88,0.5,1.0,8900.27,30515.0,
X2,2020/9/28,24.0,5.87,3.03,0.66,1.0,8900.93,30516.0,
X2,2020/9/29,24.0,5.89,2.95,0.7,1.0,8901.63,30517.0,
X2,2020/9/30,24.0,5.9,2.98,0.6,1.0,8902.23,30518.0,
X2,2020/10/1,24.0,5.91,2.92,0.6,1.0,8902.83,30519.0,
X2,2020/10/2,24.0,5.93,2.89,0.62,1.0,8903.45,30520.0,
X2,2020/10/3,24.0,5.95,2.85,0.53,1.0,8903.98,30521.0,
X2,2020/10/4,24.0,5.97,2.85,0.76,1.0,8904.74,30522.0,
X2,2020/10/5,24.0,5.99,2.81,0.48,1.0,8905.22,30523.0,
X2,2020/10/6,24.0,6.01,2.78,0.57,1.0,8905.79,30524.0,
X2,2020/10/7,24.0,6.15,4.34,0.6,1.0,8906.39,30525.0,
X2,2020/10/8,24.0,6.23,4.76,0.62,1.0,8907.01,30526.0,
X2,2020/10/9,24.0,6.23,4.76,0.6,1.0,8907.61,30527.0,
X2,2020/10/10,14.5,6.16,4.36,0.32,1.0,8907.93,30528.0,
X2,2020/10/11,6.5,6.1,2.65,0.45,1.0,8908.38,30529.0,
X2,2020/10/12,21.0,6.02,1.66,1.45,2.0,8909.83,30531.0,
X2,2020/10/13,24.0,5.72,2.68,1.0,2.0,8910.84,30533.0,
X2,2020/10/14,24.0,5.41,3.07,1.02,2.0,8911.86,30535.0,
X2,2020/10/15,24.0,5.09,3.18,1.55,2.0,8913.41,30537.0,
X2,2020/10/16,24.0,5.04,3.59,1.23,1.0,8914.64,30538.0,
X2,2020/10/17,24.0,4.9,3.13,0.8,2.0,8915.44,30540.0,
X2,2020/10/18,24.0,4.73,3.07,0.71,1.0,8916.14,30541.0,
X2,2020/10/19,24.0,4.86,2.72,1.1,2.0,8917.24,30543.0,
X2,2020/10/20,17.5,5.0,3.37,0.8,1.0,8918.04,30544.0,
X2,2020/10/21,24.0,4.53,2.72,0.89,1.0,8918.93,30545.0,
X2,2020/10/22,24.0,4.35,2.84,1.0,2.0,8919.93,30547.0,
X2,2020/10/23,24.0,4.36,2.92,1.2,2.0,8921.13,30549.0,
X2,2020/10/24,24.0,4.49,2.8,1.57,2.0,8922.7,30551.0,
X2,2020/10/25,24.0,4.56,2.91,1.49,2.0,8924.19,30553.0,
X2,2020/10/26,24.0,4.55,2.86,1.25,2.0,8925.44,30555.0,
X2,2020/10/27,24.0,4.58,2.82,1.2,2.0,8926.64,30557.0,
X2,2020/10/28,24.0,4.58,2.14,1.23,2.0,8927.87,30559.0,
X2,2020/10/29,24.0,4.58,2.14,1.31,2.0,8929.18,30561.0,
X2,2020/10/30,24.0,4.51,2.44,1.22,2.0,8930.4,30563.0,
X2,2020/10/31,24.0,4.48,2.66,1.28,2.0,8931.68,30565.0,
X2,2020/11/1,24.0,4.45,3.01,0.91,2.0,8932.59,30567.0,
X2,2020/11/2,24.0,4.45,2.52,0.89,1.0,8933.48,30568.0,
X2,2020/11/3,24.0,4.44,2.55,1.28,2.0,8934.76,30570.0,
X2,2020/11/4,24.0,4.4,2.5,1.28,2.0,8936.04,30572.0,
X2,2020/11/5,24.0,4.37,2.49,1.28,2.0,8937.32,30574.0,
X2,2020/11/6,24.0,4.33,2.47,1.61,2.0,8938.94,30576.0,
X2,2020/11/7,24.0,4.32,2.48,1.01,2.0,8939.95,30578.0,
X2,2020/11/8,24.0,4.3,2.48,1.18,2.0,8941.12,30580.0,
X2,2020/11/9,24.0,4.3,2.44,1.38,2.0,8942.5,30582.0,
X2,2020/11/10,24.0,4.29,2.55,1.2,2.0,8943.7,30584.0,
X2,2020/11/11,24.0,4.27,2.42,1.02,2.0,8944.72,30586.0,
X2,2020/11/12,24.0,4.27,2.17,1.3,1.0,8946.02,30587.0,
X2,2020/11/13,24.0,4.26,2.23,1.01,1.0,8947.04,30588.0,
X2,2020/11/14,24.0,4.25,1.78,0.9,1.0,8947.94,30589.0,
X2,2020/11/15,24.0,4.22,2.18,1.2,2.0,8949.14,30591.0,
X2,2020/11/16,24.0,4.21,2.33,1.09,2.0,8950.23,30593.0,
X2,2020/11/17,15.0,4.24,2.27,1.08,2.0,8951.31,30595.0,
X2,2020/11/18,24.0,4.21,2.41,1.13,2.0,8952.44,30597.0,
X2,2020/11/19,24.0,4.19,2.33,1.13,2.0,8953.57,30599.0,
X2,2020/11/20,24.0,4.18,2.35,1.17,2.0,8954.73,30601.0,
X2,2020/11/21,24.0,4.17,2.54,1.21,2.0,8955.95,30603.0,
X2,2020/11/22,24.0,4.13,2.25,1.19,2.0,8957.13,30605.0,
X2,2020/11/23,24.0,4.12,2.29,1.07,2.0,8958.2,30607.0,
X2,2020/11/24,24.0,4.11,2.27,1.0,2.0,8959.2,30609.0,
X2,2020/11/25,24.0,4.1,2.25,1.01,2.0,8960.21,30611.0,
X2,2020/11/26,24.0,4.1,2.21,1.02,2.0,8961.23,30613.0,
X2,2020/11/27,24.0,4.07,2.21,1.14,2.0,8962.37,30615.0,
X2,2020/11/28,24.0,4.06,2.21,1.15,2.0,8963.51,30617.0,
X2,2020/11/29,24.0,4.05,2.19,1.06,2.0,8964.57,30619.0,
X2,2020/11/30,19.0,4.12,1.42,1.25,2.0,8965.82,30621.0,
X2,2020/12/1,24.0,3.98,1.62,1.36,2.0,8967.18,30623.0,
X2,2020/12/2,24.0,4.15,1.62,1.31,2.0,8968.5,30625.0,
X2,2020/12/3,24.0,4.4,2.1,1.35,2.0,8969.85,30627.0,
X2,2020/12/4,24.0,4.48,1.62,1.2,2.0,8971.05,30629.0,
X2,2020/12/5,24.0,4.62,1.69,1.25,2.0,8972.3,30631.0,
X2,2020/12/6,24.0,4.73,1.94,1.21,2.0,8973.51,30633.0,
X2,2020/12/7,24.0,4.77,2.64,1.13,2.0,8974.64,30635.0,
X2,2020/12/8,24.0,4.64,2.96,1.06,2.0,8975.7,30637.0,
X2,2020/12/9,24.0,4.49,3.0,1.14,2.0,8976.84,30639.0,
X2,2020/12/10,24.0,4.49,3.19,1.21,2.0,8978.05,30641.0,
X2,2020/12/11,24.0,4.49,3.19,1.05,2.0,8979.1,30643.0,
X2,2020/12/12,24.0,4.49,3.19,1.12,2.0,8980.22,30645.0,
X2,2020/12/13,24.0,4.49,3.19,1.56,2.0,8981.78,30647.0,
X2,2020/12/14,24.0,4.49,3.19,1.52,2.0,8983.3,30649.0,
X2,2020/12/15,24.0,4.49,3.19,1.0,1.0,8984.3,30650.0,
X2,2020/12/16,24.0,4.26,2.87,1.11,2.0,8985.41,30652.0,
X2,2020/12/17,24.0,4.23,2.88,1.21,2.0,8986.63,30654.0,
X2,2020/12/18,24.0,4.25,2.88,1.2,2.0,8987.83,30656.0,
X2,2020/12/19,24.0,4.3,2.97,1.27,2.0,8989.1,30658.0,
X2,2020/12/20,24.0,4.27,2.95,1.01,2.0,8990.11,30660.0,
X2,2020/12/21,24.0,4.24,2.95,1.51,2.0,8991.62,30662.0,
X2,2020/12/22,24.0,4.19,3.02,1.15,2.0,8992.77,30664.0,
X2,2020/12/23,24.0,4.14,3.06,0.99,1.0,8993.76,30665.0,
X2,2020/12/24,24.0,4.15,2.79,1.32,2.0,8995.08,30667.0,
X2,2020/12/25,24.0,4.16,2.97,1.13,2.0,8996.21,30669.0,
X2,2020/12/26,24.0,4.19,2.91,1.22,2.0,8997.43,30671.0,
X2,2020/12/27,24.0,4.2,3.29,1.17,2.0,8998.59,30673.0,
X2,2020/12/28,24.0,4.25,3.16,0.81,1.0,8999.4,30674.0,
X2,2020/12/29,24.0,4.31,2.84,1.04,2.0,9000.44,30676.0,
X2,2020/12/30,24.0,4.32,2.82,1.17,2.0,9001.61,30678.0,
X2,2020/12/31,24.0,4.35,2.96,0.75,2.0,9002.36,30680.0,
X2,2021/1/1,24.0,4.36,2.85,0.93,2.0,9003.3,30682.0,
X2,2021/1/2,24.0,4.34,2.87,0.9,1.0,9004.19,30683.0,
X2,2021/1/3,24.0,4.25,2.79,0.84,1.0,9005.04,30684.0,
X2,2021/1/4,24.0,4.26,3.33,0.82,1.0,9005.86,30685.0,
X2,2021/1/5,24.0,4.29,2.92,0.78,1.0,9006.64,30686.0,
X2,2021/1/6,24.0,4.21,2.77,0.69,1.0,9007.33,30687.0,
X2,2021/1/7,24.0,4.25,2.87,0.48,1.0,9007.82,30688.0,
X2,2021/1/8,24.0,4.28,2.94,0.71,1.0,9008.53,30689.0,
X2,2021/1/9,24.0,4.31,2.94,0.75,1.0,9009.28,30690.0,
X2,2021/1/10,24.0,4.18,2.93,0.6,1.0,9009.88,30691.0,
X2,2021/1/11,24.0,4.06,3.01,0.83,1.0,9010.71,30692.0,
X2,2021/1/12,24.0,4.05,3.33,0.67,1.0,9011.38,30693.0,
X2,2021/1/13,24.0,4.05,3.02,0.82,1.0,9012.2,30694.0,
X2,2021/1/14,24.0,4.11,2.98,0.73,1.0,9012.94,30695.0,
X2,2021/1/15,24.0,4.09,2.91,0.65,1.0,9013.59,30696.0,
X2,2021/1/16,24.0,4.11,2.79,0.6,1.0,9014.19,30697.0,
X2,2021/1/17,24.0,4.14,2.66,0.81,1.0,9015.0,30698.0,
X2,2021/1/18,24.0,4.14,2.78,0.71,1.0,9015.71,30699.0,
X2,2021/1/19,24.0,4.21,2.99,0.64,1.0,9016.34,30700.0,
X2,2021/1/20,24.0,4.29,2.88,0.65,2.0,9017.0,30702.0,
X2,2021/1/21,24.0,4.3,2.92,0.68,2.0,9017.68,30704.0,
X2,2021/1/22,24.0,4.37,2.97,0.68,1.0,9018.36,30705.0,
X2,2021/1/23,24.0,4.24,2.7,0.98,1.0,9019.34,30706.0,
X2,2021/1/24,24.0,4.14,2.91,0.99,1.0,9020.33,30707.0,
X2,2021/1/25,24.0,4.1,2.84,1.0,1.0,9021.33,30708.0,
X2,2021/1/26,24.0,4.02,2.74,1.0,1.0,9022.33,30709.0,
X2,2021/1/27,24.0,3.95,2.73,0.91,1.0,9023.24,30710.0,
X2,2021/1/28,24.0,3.9,2.63,1.01,2.0,9024.25,30712.0,
X2,2021/1/29,24.0,3.71,1.81,1.15,1.0,9025.4,30713.0,
X2,2021/1/30,24.0,3.78,2.61,1.0,1.0,9026.4,30714.0,
X2,2021/1/31,24.0,3.74,2.47,1.05,1.0,9027.45,30715.0,
X2,2021/2/1,24.0,3.69,2.54,1.0,1.0,9028.45,30716.0,
X2,2021/2/2,24.0,3.68,2.59,1.01,1.0,9029.46,30717.0,
X2,2021/2/3,24.0,3.65,2.47,1.0,1.0,9030.46,30718.0,
X2,2021/2/4,24.0,3.63,2.46,1.0,1.0,9031.46,30719.0,
X2,2021/2/5,24.0,3.62,2.55,0.99,1.0,9032.45,30720.0,
X2,2021/2/6,24.0,3.6,2.39,1.0,1.0,9033.45,30721.0,
X2,2021/2/7,24.0,3.57,2.41,1.09,1.0,9034.54,30722.0,
X2,2021/2/8,24.0,3.55,2.45,0.99,1.0,9035.53,30723.0,
X2,2021/2/9,24.0,3.53,2.42,0.99,1.0,9036.52,30724.0,
X2,2021/2/10,24.0,3.53,2.3,1.0,1.0,9037.51,30725.0,
X2,2021/2/11,24.0,3.48,2.37,1.05,1.0,9038.57,30726.0,
X2,2021/2/12,24.0,3.47,2.43,1.03,1.0,9039.6,30727.0,
X2,2021/2/13,24.0,3.46,2.33,1.01,1.0,9040.61,30728.0,
X2,2021/2/14,24.0,3.45,2.26,1.0,1.0,9041.61,30729.0,
X2,2021/2/15,24.0,3.42,2.37,0.99,1.0,9042.59,30730.0,
X2,2021/2/16,24.0,3.42,2.3,0.98,1.0,9043.58,30731.0,
X2,2021/2/17,24.0,3.42,2.27,0.99,1.0,9044.57,30732.0,
X2,2021/2/18,24.0,3.41,2.35,1.0,1.0,9045.57,30733.0,
X2,2021/2/19,24.0,3.4,2.34,0.98,1.0,9046.55,30734.0,
X2,2021/2/20,24.0,3.4,2.35,0.95,1.0,9047.49,30735.0,
X2,2021/2/21,24.0,3.39,2.27,0.99,1.0,9048.49,30736.0,
X2,2021/2/22,24.0,3.39,2.45,0.8,1.0,9049.29,30737.0,
X2,2021/2/23,24.0,3.43,2.4,0.81,1.0,9050.1,30738.0,
X2,2021/2/24,24.0,3.43,2.39,0.9,1.0,9051.0,30739.0,
X2,2021/2/25,24.0,3.45,2.38,0.82,1.0,9051.82,30740.0,
X2,2021/2/26,24.0,3.46,2.42,0.75,1.0,9052.57,30741.0,
X2,2021/2/27,24.0,3.46,2.35,0.89,1.0,9053.46,30742.0,
X2,2021/2/28,24.0,3.47,2.4,1.0,1.0,9054.46,30743.0,
X2,2021/3/1,24.0,3.49,2.48,0.45,1.0,9054.91,30744.0,
X2,2021/3/2,24.0,3.48,2.47,0.99,1.0,9055.9,30745.0,
X2,2021/3/3,24.0,3.49,2.44,0.98,1.0,9056.88,30746.0,
X2,2021/3/4,24.0,3.51,2.45,0.65,1.0,9057.53,30747.0,
X2,2021/3/5,24.0,3.51,2.42,0.85,1.0,9058.38,30748.0,
X2,2021/3/6,24.0,3.51,2.41,0.92,1.0,9059.3,30749.0,
X2,2021/3/7,24.0,3.5,2.41,0.9,1.0,9060.2,30750.0,
X2,2021/3/8,24.0,3.51,2.52,0.89,1.0,9061.1,30751.0,
X2,2021/3/9,24.0,3.5,2.47,0.74,1.0,9061.84,30752.0,
X2,2021/3/10,24.0,3.5,2.34,0.71,1.0,9062.55,30753.0,
X2,2021/3/11,24.0,3.51,2.5,0.98,1.0,9063.53,30754.0,
X2,2021/3/12,24.0,3.51,2.38,0.98,1.0,9064.51,30755.0,
X2,2021/3/13,24.0,3.49,2.43,0.95,1.0,9065.46,30756.0,
X2,2021/3/14,24.0,3.5,2.49,1.01,1.0,9066.48,30757.0,
X2,2021/3/15,24.0,3.5,2.4,0.82,1.0,9067.3,30758.0,
X2,2021/3/16,24.0,3.49,2.48,0.92,1.0,9068.22,30759.0,
X2,2021/3/17,24.0,3.5,2.44,0.92,1.0,9069.13,30760.0,
X2,2021/3/18,24.0,3.51,2.52,0.93,1.0,9070.06,30761.0,
X2,2021/3/19,24.0,3.53,2.45,0.88,1.0,9070.94,30762.0,
X2,2021/3/20,24.0,3.5,2.45,0.88,1.0,9071.82,30763.0,
X2,2021/3/21,24.0,3.53,2.36,0.8,1.0,9072.62,30764.0,
X2,2021/3/22,24.0,3.52,2.46,0.81,1.0,9073.44,30765.0,
X2,2021/3/23,24.0,3.49,2.39,0.83,1.0,9074.26,30766.0,
X2,2021/3/24,24.0,3.5,2.48,0.86,1.0,9075.12,30767.0,
X2,2021/3/25,24.0,3.51,2.55,0.85,1.0,9075.98,30768.0,
X2,2021/3/26,24.0,3.51,2.46,0.83,1.0,9076.81,30769.0,
X2,2021/3/27,24.0,3.52,2.37,1.33,2.0,9078.14,30771.0,
X2,2021/3/28,24.0,3.54,2.51,1.01,2.0,9079.15,30773.0,
X2,2021/3/29,24.0,3.56,2.35,1.0,1.0,9080.15,30774.0,
X2,2021/3/30,24.0,3.55,2.51,0.92,1.0,9081.07,30775.0,
X2,2021/3/31,24.0,3.54,2.46,0.93,1.0,9081.99,30776.0,
X2,2021/4/1,24.0,3.51,2.42,0.93,1.0,9082.92,30777.0,
X2,2021/4/2,24.0,3.52,2.41,0.84,1.0,9083.76,30778.0,
X2,2021/4/3,24.0,3.5,2.42,0.84,1.0,9084.61,30779.0,
X2,2021/4/4,24.0,3.48,2.35,0.9,1.0,9085.5,30780.0,
X2,2021/4/5,24.0,3.48,2.37,0.8,1.0,9086.3,30781.0,
X2,2021/4/6,24.0,3.47,2.49,0.81,1.0,9087.11,30782.0,
X2,2021/4/7,24.0,3.46,2.28,0.87,1.0,9087.98,30783.0,
X2,2021/4/8,24.0,3.48,2.45,0.91,1.0,9088.89,30784.0,
X2,2021/4/9,24.0,3.47,2.48,0.84,1.0,9089.74,30785.0,
X2,2021/4/10,24.0,3.48,2.39,0.89,1.0,9090.62,30786.0,
X2,2021/4/11,24.0,3.5,2.48,0.86,1.0,9091.48,30787.0,
X2,2021/4/12,24.0,3.47,2.42,0.92,1.0,9092.41,30788.0,
X2,2021/4/13,24.0,3.48,2.4,0.95,1.0,9093.35,30789.0,
X2,2021/4/14,24.0,3.48,2.46,0.94,1.0,9094.29,30790.0,
X2,2021/4/15,24.0,3.49,2.34,0.99,1.0,9095.28,30791.0,
X2,2021/4/16,24.0,3.52,2.44,0.93,1.0,9096.21,30792.0,
X2,2021/4/17,24.0,3.49,2.45,0.98,1.0,9097.19,30793.0,
X2,2021/4/18,24.0,3.46,2.45,0.9,1.0,9098.09,30794.0,
X2,2021/4/19,24.0,3.48,2.39,0.98,1.0,9099.07,30795.0,
X2,2021/4/20,24.0,3.48,2.43,1.01,1.0,9100.08,30796.0,
X2,2021/4/21,24.0,3.47,2.4,0.69,1.0,9100.77,30797.0,
X2,2021/4/22,24.0,3.47,2.42,1.0,1.0,9101.77,30798.0,
X2,2021/4/23,24.0,3.52,2.52,1.1,1.0,9102.87,30799.0,
X2,2021/4/24,24.0,3.52,2.34,1.08,2.0,9103.95,30801.0,
X2,2021/4/25,24.0,3.53,2.42,1.18,2.0,9105.12,30803.0,
X2,2021/4/26,24.0,3.5,2.4,1.36,2.0,9106.48,30805.0,
X2,2021/4/27,24.0,3.52,2.41,1.17,2.0,9107.65,30807.0,
X2,2021/4/28,24.0,3.53,2.46,1.02,2.0,9108.67,30809.0,
X2,2021/4/29,24.0,3.7,2.77,1.21,2.0,9109.88,30811.0,
X2,2021/4/30,24.0,3.57,2.48,0.93,1.0,9110.81,30812.0,
X2,2021/5/1,24.0,3.58,2.48,0.98,1.0,9111.79,30813.0,
X2,2021/5/2,24.0,3.53,2.45,0.94,1.0,9112.73,30814.0,
X2,2021/5/3,24.0,0.0,0.0,0.86,1.0,9113.59,30815.0,
X2,2021/5/4,24.0,3.52,2.49,0.81,1.0,9114.4,30816.0,
X2,2021/5/5,24.0,3.53,2.47,0.93,2.0,9115.33,30818.0,
X2,2021/5/6,24.0,3.53,2.51,0.79,1.0,9116.13,30819.0,
X2,2021/5/7,24.0,3.53,2.47,1.19,1.0,9117.31,30820.0,
X2,2021/5/8,24.0,3.48,2.18,0.81,1.0,9118.12,30821.0,
X2,2021/5/9,24.0,3.41,2.22,1.26,2.0,9119.38,30823.0,
X2,2021/5/10,24.0,3.4,2.25,0.87,2.0,9120.25,30825.0,
X2,2021/5/11,24.0,3.36,2.43,0.4,1.0,9120.66,30826.0,
X2,2021/5/12,24.0,3.41,2.39,0.21,0.0,9120.87,30826.0,
X2,2021/5/13,24.0,3.4,2.6,0.21,0.0,9121.08,30826.0,
X2,2021/5/14,24.0,3.51,2.8,0.2,0.0,9121.28,30826.0,
X2,2021/5/15,24.0,3.5,2.37,0.27,1.0,9121.55,30827.0,
X2,2021/5/16,24.0,3.49,2.29,0.25,0.0,9121.8,30827.0,
X2,2021/5/17,24.0,3.45,2.22,0.26,0.0,9122.06,30827.0,
X2,2021/5/18,24.0,3.44,2.13,0.26,0.0,9122.32,30827.0,
X2,2021/5/19,24.0,3.41,2.13,0.74,1.0,9123.06,30828.0,
X2,2021/5/20,24.0,3.35,2.03,0.76,1.0,9123.82,30829.0,
X2,2021/5/21,24.0,3.3,2.08,0.87,1.0,9124.69,30830.0,
X2,2021/5/22,24.0,3.27,2.07,1.0,1.0,9125.69,30831.0,
X2,2021/5/23,24.0,3.25,2.13,0.99,1.0,9126.68,30832.0,
X2,2021/5/24,24.0,3.26,2.1,1.0,1.0,9127.68,30833.0,
X2,2021/5/25,24.0,3.27,2.13,1.02,2.0,9128.7,30835.0,
X2,2021/5/26,24.0,3.3,2.06,0.97,1.0,9129.67,30836.0,
X2,2021/5/27,24.0,3.29,2.14,0.99,2.0,9130.66,30838.0,
X2,2021/5/28,24.0,3.26,2.15,0.99,1.0,9131.65,30839.0,
X2,2021/5/29,24.0,3.26,2.18,1.0,1.0,9132.65,30840.0,
X2,2021/5/30,24.0,3.28,2.25,1.03,2.0,9133.68,30842.0,
X2,2021/5/31,24.0,3.3,2.26,1.02,1.0,9134.69,30843.0,
X2,2021/6/1,24.0,3.3,2.23,1.03,2.0,9135.72,30845.0,
X2,2021/6/2,24.0,3.3,2.27,1.0,1.0,9136.72,30846.0,
X2,2021/6/3,24.0,3.29,2.25,1.0,1.0,9137.72,30847.0,
X2,2021/6/4,24.0,3.28,2.2,0.98,1.0,9138.7,30848.0,
X2,2021/6/5,24.0,3.28,2.22,0.99,1.0,9139.69,30849.0,
X2,2021/6/6,24.0,3.3,2.28,0.99,1.0,9140.68,30850.0,
X2,2021/6/7,24.0,3.3,2.34,1.0,1.0,9141.67,30851.0,
X2,2021/6/8,24.0,3.28,2.21,0.98,1.0,9142.66,30852.0,
X2,2021/6/9,24.0,3.24,2.21,0.99,1.0,9143.65,30853.0,
X2,2021/6/10,24.0,3.24,2.17,0.9,1.0,9144.54,30854.0,
X2,2021/6/11,24.0,3.25,2.22,0.9,1.0,9145.44,30855.0,
X2,2021/6/12,24.0,3.25,2.21,0.92,1.0,9146.36,30856.0,
X2,2021/6/13,24.0,3.24,2.23,0.92,1.0,9147.28,30857.0,
X2,2021/6/14,24.0,3.24,2.28,0.93,1.0,9148.21,30858.0,
X2,2021/6/15,24.0,3.23,2.21,0.94,1.0,9149.16,30859.0,
X2,2021/6/16,24.0,3.25,2.25,0.94,1.0,9150.09,30860.0,
X2,2021/6/17,24.0,3.24,2.23,1.1,1.0,9151.19,30861.0,
X2,2021/6/18,24.0,3.22,2.21,1.05,1.0,9152.24,30862.0,
X2,2021/6/19,24.0,3.23,2.25,0.99,1.0,9153.23,30863.0,
X2,2021/6/20,24.0,3.22,2.35,1.0,1.0,9154.23,30864.0,
X2,2021/6/21,24.0,3.27,2.17,1.0,1.0,9155.23,30865.0,
X2,2021/6/22,24.0,3.25,2.19,1.0,1.0,9156.23,30866.0,
X2,2021/6/23,24.0,3.31,2.9,1.0,1.0,9157.23,30867.0,
X2,2021/6/24,24.0,3.23,2.2,0.92,1.0,9158.16,30868.0,
X2,2021/6/25,24.0,3.22,2.2,0.95,1.0,9159.1,30869.0,
X2,2021/6/26,24.0,3.23,2.23,0.81,1.0,9159.92,30870.0,
X2,2021/6/27,24.0,3.23,2.19,1.12,1.0,9161.04,30871.0,
X2,2021/6/28,24.0,3.22,2.2,1.1,2.0,9162.14,30873.0,
X2,2021/6/29,24.0,3.21,2.2,0.74,1.0,9162.88,30874.0,
X2,2021/6/30,24.0,3.2,2.21,0.99,1.0,9163.88,30875.0,
X2,2021/7/1,24.0,3.21,2.24,0.82,1.0,9164.7,30876.0,
X2,2021/7/2,24.0,3.22,2.21,0.76,1.0,9165.46,30877.0,
X2,2021/7/3,24.0,3.23,2.16,0.91,1.0,9166.37,30878.0,
X2,2021/7/4,24.0,3.2,2.2,0.86,1.0,9167.23,30879.0,
X2,2021/7/5,24.0,3.19,2.16,0.71,1.0,9167.94,30880.0,
X2,2021/7/6,17.0,3.25,2.24,0.41,1.0,9168.35,30881.0,
X2,2021/7/7,24.0,3.2,2.17,0.76,1.0,9169.11,30882.0,
X2,2021/7/8,24.0,3.19,2.23,0.75,1.0,9169.85,30883.0,
X2,2021/7/9,24.0,3.2,2.19,0.8,1.0,9170.66,30884.0,
X2,2021/7/10,24.0,3.19,2.23,0.77,1.0,9171.42,30885.0,
X2,2021/7/11,24.0,3.2,2.15,0.78,1.0,9172.21,30886.0,
X2,2021/7/12,24.0,3.19,2.16,0.76,1.0,9172.96,30887.0,
X2,2021/7/13,24.0,3.17,2.24,0.75,1.0,9173.71,30888.0,
X2,2021/7/14,24.0,3.16,2.22,0.73,1.0,9174.44,30889.0,
X2,2021/7/15,24.0,3.15,2.23,0.71,1.0,9175.15,30890.0,
X2,2021/7/16,24.0,3.16,2.21,0.72,1.0,9175.86,30891.0,
X2,2021/7/17,24.0,3.18,2.19,0.72,1.0,9176.59,30892.0,
X2,2021/7/18,24.0,3.17,2.24,0.92,1.0,9177.51,30893.0,
X2,2021/7/19,24.0,3.17,2.14,0.95,1.0,9178.47,30894.0,
X2,2021/7/20,24.0,3.18,2.22,0.85,1.0,9179.32,30895.0,
X2,2021/7/21,24.0,3.16,2.24,0.87,1.0,9180.19,30896.0,
X2,2021/7/22,24.0,3.17,2.2,0.84,1.0,9181.03,30897.0,
X2,2021/7/23,24.0,3.17,2.1,0.82,1.0,9181.85,30898.0,
X2,2021/7/24,24.0,3.15,2.12,0.86,1.0,9182.71,30899.0,
X2,2021/7/25,24.0,3.15,2.17,0.9,1.0,9183.61,30900.0,
X2,2021/7/26,24.0,3.15,2.28,0.87,1.0,9184.48,30901.0,
X2,2021/7/27,24.0,3.15,2.19,0.9,1.0,9185.38,30902.0,
X2,2021/7/28,24.0,3.16,2.21,0.93,1.0,9186.31,30903.0,
X2,2021/7/29,24.0,3.13,2.14,0.91,1.0,9187.22,30904.0,
X2,2021/7/30,24.0,3.12,2.23,0.93,1.0,9188.15,30905.0,
X2,2021/7/31,24.0,3.12,2.21,0.94,1.0,9189.08,30906.0,
X2,2021/8/1,24.0,3.14,2.11,0.82,1.0,9189.9,30907.0,
X2,2021/8/2,24.0,3.13,2.1,0.84,1.0,9190.74,30908.0,
X2,2021/8/3,24.0,3.12,2.15,0.81,1.0,9191.55,30909.0,
X2,2021/8/4,24.0,3.14,2.29,0.68,1.0,9192.23,30910.0,
X2,2021/8/5,24.0,3.15,2.48,0.72,1.0,9192.94,30911.0,
X2,2021/8/6,24.0,3.23,2.45,0.7,1.0,9193.64,30912.0,
X2,2021/8/7,24.0,3.21,2.09,0.82,1.0,9194.47,30913.0,
X2,2021/8/8,24.0,3.2,2.22,0.7,1.0,9195.17,30914.0,
X2,2021/8/9,24.0,3.19,2.15,0.67,1.0,9195.83,30915.0,
X2,2021/8/10,24.0,3.18,2.26,0.68,1.0,9196.51,30916.0,
X2,2021/8/11,24.0,3.12,1.71,0.57,1.0,9197.09,30917.0,
X2,2021/8/12,24.0,3.24,2.33,0.56,1.0,9197.65,30918.0,
X2,2021/8/13,24.0,3.24,2.21,0.58,1.0,9198.23,30919.0,
X2,2021/8/14,24.0,3.27,2.1,0.6,1.0,9198.83,30920.0,
X2,2021/8/15,24.0,3.27,2.23,0.59,1.0,9199.42,30921.0,
X2,2021/8/16,24.0,3.26,2.22,0.6,1.0,9200.01,30922.0,
X2,2021/8/17,24.0,3.25,2.29,0.6,1.0,9200.61,30923.0,
X2,2021/8/18,24.0,3.24,2.25,0.65,2.0,9201.26,30925.0,
X2,2021/8/19,24.0,3.26,2.28,0.63,2.0,9201.89,30927.0,
X2,2021/8/20,24.0,3.24,2.28,0.77,2.0,9202.67,30929.0,
X2,2021/8/21,24.0,3.25,2.3,0.58,2.0,9203.25,30931.0,
X2,2021/8/22,24.0,3.24,2.24,0.65,1.0,9203.9,30932.0,
X2,2021/8/23,24.0,3.25,2.29,0.82,1.0,9204.72,30933.0,
X2,2021/8/24,4.0,3.27,2.37,0.11,0.0,9204.83,30933.0,
X2,2021/9/3,24.0,4.73,4.71,0.5,0.0,9205.33,30933.0,
X2,2021/9/4,12.0,4.73,4.71,0.8,0.0,9206.13,30933.0,
X2,2021/9/5,12.0,4.73,4.71,0.84,0.0,9206.97,30933.0,
X2,2021/9/6,24.0,4.73,4.71,1.53,3.0,9208.5,30936.0,
X2,2021/9/7,24.0,4.33,4.3,1.46,3.0,9209.96,30939.0,
X2,2021/9/8,24.0,4.18,3.32,1.3,2.0,9211.26,30941.0,
X2,2021/9/9,24.0,4.05,2.86,1.1,2.0,9212.36,30943.0,
X2,2021/9/10,24.0,4.04,2.72,0.99,1.0,9213.36,30944.0,
X2,2021/9/11,24.0,4.07,2.65,0.95,1.0,9214.31,30945.0,
X2,2021/9/12,24.0,4.08,2.6,0.96,2.0,9215.26,30947.0,
X2,2021/9/13,24.0,4.09,2.69,0.89,2.0,9216.16,30949.0,
X2,2021/9/14,24.0,4.13,2.83,1.34,3.0,9217.5,30952.0,
X2,2021/9/15,24.0,4.18,3.36,0.84,3.0,9218.34,30955.0,
X2,2021/9/16,24.0,4.45,4.44,0.93,1.0,9219.27,30956.0,
X2,2021/9/17,11.0,4.49,4.49,0.56,1.0,9219.83,30957.0,
X2,2021/9/24,1.0,4.14,3.95,0.38,1.0,9220.22,30958.0,
X2,2021/9/25,24.0,4.15,2.74,2.29,3.0,9222.51,30961.0,
X2,2021/9/26,24.0,4.13,3.67,1.9,2.0,9224.4,30963.0,
X2,2021/9/27,24.0,4.22,2.95,1.47,2.0,9225.87,30965.0,
X2,2021/9/28,24.0,4.95,5.52,1.28,2.0,9227.15,30967.0,
X2,2021/9/29,24.0,4.3,3.32,1.53,2.0,9228.68,30969.0,
X2,2021/9/30,24.0,4.15,2.82,1.35,2.0,9230.03,30971.0,
X2,2021/10/1,24.0,4.16,2.65,1.31,2.0,9231.34,30973.0,
X2,2021/10/2,24.0,4.16,2.72,1.33,2.0,9232.67,30975.0,
X2,2021/10/3,24.0,4.16,2.76,1.23,2.0,9233.9,30977.0,
X2,2021/10/4,24.0,4.16,2.62,1.15,2.0,9235.05,30979.0,
X2,2021/10/5,24.0,4.15,2.72,1.09,2.0,9236.14,30981.0,
X2,2021/10/6,24.0,4.17,2.73,1.36,2.0,9237.5,30983.0,
X2,2021/10/7,24.0,4.18,2.66,1.18,2.0,9238.68,30985.0,
X2,2021/10/8,24.0,4.18,2.67,1.32,2.0,9240.0,30987.0,
X2,2021/10/9,24.0,4.18,2.65,1.08,2.0,9241.08,30989.0,
X2,2021/10/10,24.0,4.19,2.69,0.98,1.0,9242.06,30990.0,
X2,2021/10/11,24.0,4.16,2.67,0.95,1.0,9243.01,30991.0,
X2,2021/10/12,24.0,4.19,2.7,0.84,1.0,9243.85,30992.0,
X2,2021/10/13,24.0,4.21,2.67,0.81,1.0,9244.65,30993.0,
X2,2021/10/14,24.0,4.2,2.62,0.73,1.0,9245.39,30994.0,
X2,2021/10/15,24.0,4.2,2.69,0.7,1.0,9246.09,30995.0,
X2,2021/10/16,24.0,4.19,2.58,0.71,1.0,9246.8,30996.0,
X2,2021/10/17,24.0,4.18,2.6,0.78,1.0,9247.58,30997.0,
X2,2021/10/18,24.0,4.24,2.76,0.75,2.0,9248.33,30999.0,
X2,2021/10/19,24.0,4.23,2.72,0.74,1.0,9249.07,31000.0,
X2,2021/10/20,24.0,4.23,2.75,0.83,1.0,9249.9,31001.0,
X2,2021/10/21,24.0,4.23,2.77,0.82,1.0,9250.72,31002.0,
X2,2021/10/22,24.0,4.23,2.84,0.77,1.0,9251.49,31003.0,
X2,2021/10/23,24.0,4.29,2.95,0.6,1.0,9252.09,31004.0,
X2,2021/10/24,24.0,4.26,2.91,0.6,1.0,9252.68,31005.0,
X2,2021/10/25,24.0,4.26,2.9,0.64,1.0,9253.32,31006.0,
